keyword,site,search engine,location,groups,language,2017-01-03,2017-01-04,2017-01-05
bachelor's degree in Academic Studies In Education,http://www.epfl.ch,google.com,,"<degree_type>-+-subject",en,,,100
bachelor's degree in Accounting,http://www.epfl.ch,google.com,,"<degree_type>-+-subject",en,,,100
bachelor's degree in Adult Nursing,http://www.epfl.ch,google.com,,"<degree_type>-+-subject",en,,,100
bachelor's degree in Applied Mathematics,http://www.epfl.ch,google.com,,"<degree_type>-+-subject",en,,,100
bachelor's degree in Aquatic Sciences,http://www.epfl.ch,google.com,,"<degree_type>-+-subject",en,,,100
bachelor's degree in Archaeology,http://www.epfl.ch,google.com,,"<degree_type>-+-subject",en,,,100
bachelor's degree in Art History,http://www.epfl.ch,google.com,,"<degree_type>-+-subject",en,,,100
bachelor's degree in Arts & Humanities,http://www.epfl.ch,google.com,,"<degree_type>-+-subject",en,,,100
bachelor's degree in Astronomy & Planetary Science,http://www.epfl.ch,google.com,,"<degree_type>-+-subject",en,,,100
bachelor's degree in Biochemistry,http://www.epfl.ch,google.com,,"<degree_type>-+-subject",en,,,100
bachelor's degree in Biology,http://www.epfl.ch,google.com,,"<degree_type>-+-subject",en,,,100
bachelor's degree in Business & Commercial Law,http://www.epfl.ch,google.com,,"<degree_type>-+-subject",en,,,100
bachelor's degree in Business & Management,http://www.epfl.ch,google.com,,"<degree_type>-+-subject",en,,,100
bachelor's degree in Business Studies,http://www.epfl.ch,google.com,,"<degree_type>-+-subject",en,,,100
bachelor's degree in Chemistry,http://www.epfl.ch,google.com,,"<degree_type>-+-subject",en,,,100
bachelor's degree in Childhood & Youth Studies,http://www.epfl.ch,google.com,,"<degree_type>-+-subject",en,,,100
bachelor's degree in Children,http://www.epfl.ch,google.com,,"<degree_type>-+-subject",en,,,100
Young People & Families,http://www.epfl.ch,google.com,,"<degree_type>-+-subject",en,,,100
bachelor's degree in Chinese,http://www.epfl.ch,google.com,,"<degree_type>-+-subject",en,,,100
bachelor's degree in Classical Studies,http://www.epfl.ch,google.com,,"<degree_type>-+-subject",en,,,100
bachelor's degree in Communication Technologies,http://www.epfl.ch,google.com,,"<degree_type>-+-subject",en,,,100
bachelor's degree in Computing & IT,http://www.epfl.ch,google.com,,"<degree_type>-+-subject",en,,,100
bachelor's degree in Counselling,http://www.epfl.ch,google.com,,"<degree_type>-+-subject",en,,,100
bachelor's degree in Creative Writing,http://www.epfl.ch,google.com,,"<degree_type>-+-subject",en,,,100
bachelor's degree in Criminology,http://www.epfl.ch,google.com,,"<degree_type>-+-subject",en,,,100
bachelor's degree in Design,http://www.epfl.ch,google.com,,"<degree_type>-+-subject",en,,,100
bachelor's degree in Development,http://www.epfl.ch,google.com,,"<degree_type>-+-subject",en,,,100
bachelor's degree in Early Years,http://www.epfl.ch,google.com,,"<degree_type>-+-subject",en,,,100
bachelor's degree in Earth Sciences,http://www.epfl.ch,google.com,,"<degree_type>-+-subject",en,,,100
bachelor's degree in Ecology,http://www.epfl.ch,google.com,,"<degree_type>-+-subject",en,,,100
bachelor's degree in Economics,http://www.epfl.ch,google.com,,"<degree_type>-+-subject",en,,,100
bachelor's degree in Education,http://www.epfl.ch,google.com,,"<degree_type>-+-subject",en,,,100
Childhood & Youth,http://www.epfl.ch,google.com,,"<degree_type>-+-subject",en,,,100
bachelor's degree in Electronic Engineering,http://www.epfl.ch,google.com,,"<degree_type>-+-subject",en,,,100
bachelor's degree in Engineering,http://www.epfl.ch,google.com,,"<degree_type>-+-subject",en,,,100
bachelor's degree in English Language,http://www.epfl.ch,google.com,,"<degree_type>-+-subject",en,,,100
bachelor's degree in English Literature,http://www.epfl.ch,google.com,,"<degree_type>-+-subject",en,,,100
bachelor's degree in Environment & Development,http://www.epfl.ch,google.com,,"<degree_type>-+-subject",en,,,100
bachelor's degree in Environmental Management,http://www.epfl.ch,google.com,,"<degree_type>-+-subject",en,,,100
bachelor's degree in Environmental Sciences,http://www.epfl.ch,google.com,,"<degree_type>-+-subject",en,,,100
bachelor's degree in Environmental Studies,http://www.epfl.ch,google.com,,"<degree_type>-+-subject",en,,,100
bachelor's degree in Finance,http://www.epfl.ch,google.com,,"<degree_type>-+-subject",en,,,100
bachelor's degree in French,http://www.epfl.ch,google.com,,"<degree_type>-+-subject",en,,,100
bachelor's degree in General Computing,http://www.epfl.ch,google.com,,"<degree_type>-+-subject",en,,,100
bachelor's degree in General Design,http://www.epfl.ch,google.com,,"<degree_type>-+-subject",en,,,100
bachelor's degree in General Education,http://www.epfl.ch,google.com,,"<degree_type>-+-subject",en,,,100
bachelor's degree in General Engineering,http://www.epfl.ch,google.com,,"<degree_type>-+-subject",en,,,100
bachelor's degree in General Humanities,http://www.epfl.ch,google.com,,"<degree_type>-+-subject",en,,,100
bachelor's degree in General Law,http://www.epfl.ch,google.com,,"<degree_type>-+-subject",en,,,100
bachelor's degree in General Mathematics,http://www.epfl.ch,google.com,,"<degree_type>-+-subject",en,,,100
bachelor's degree in General Nursing,http://www.epfl.ch,google.com,,"<degree_type>-+-subject",en,,,100
bachelor's degree in General Social Science,http://www.epfl.ch,google.com,,"<degree_type>-+-subject",en,,,100
bachelor's degree in General Statistics,http://www.epfl.ch,google.com,,"<degree_type>-+-subject",en,,,100
bachelor's degree in General Technology,http://www.epfl.ch,google.com,,"<degree_type>-+-subject",en,,,100
bachelor's degree in Genetics,http://www.epfl.ch,google.com,,"<degree_type>-+-subject",en,,,100
bachelor's degree in Geography,http://www.epfl.ch,google.com,,"<degree_type>-+-subject",en,,,100
bachelor's degree in Geology,http://www.epfl.ch,google.com,,"<degree_type>-+-subject",en,,,100
bachelor's degree in German,http://www.epfl.ch,google.com,,"<degree_type>-+-subject",en,,,100
bachelor's degree in Graphic Design,http://www.epfl.ch,google.com,,"<degree_type>-+-subject",en,,,100
bachelor's degree in Health & Social Care,http://www.epfl.ch,google.com,,"<degree_type>-+-subject",en,,,100
bachelor's degree in Health & Wellbeing,http://www.epfl.ch,google.com,,"<degree_type>-+-subject",en,,,100
bachelor's degree in Health Sciences,http://www.epfl.ch,google.com,,"<degree_type>-+-subject",en,,,100
bachelor's degree in Healthcare Practice,http://www.epfl.ch,google.com,,"<degree_type>-+-subject",en,,,100
bachelor's degree in Heritage,http://www.epfl.ch,google.com,,"<degree_type>-+-subject",en,,,100
bachelor's degree in History,http://www.epfl.ch,google.com,,"<degree_type>-+-subject",en,,,100
bachelor's degree in Human Anatomy,http://www.epfl.ch,google.com,,"<degree_type>-+-subject",en,,,100
bachelor's degree in Human Computer Interaction,http://www.epfl.ch,google.com,,"<degree_type>-+-subject",en,,,100
bachelor's degree in Humanities,http://www.epfl.ch,google.com,,"<degree_type>-+-subject",en,,,100
bachelor's degree in International Studies,http://www.epfl.ch,google.com,,"<degree_type>-+-subject",en,,,100
bachelor's degree in Italian,http://www.epfl.ch,google.com,,"<degree_type>-+-subject",en,,,100
bachelor's degree in Languages,http://www.epfl.ch,google.com,,"<degree_type>-+-subject",en,,,100
bachelor's degree in Law,http://www.epfl.ch,google.com,,"<degree_type>-+-subject",en,,,100
bachelor's degree in Leadership & Management,http://www.epfl.ch,google.com,,"<degree_type>-+-subject",en,,,100
bachelor's degree in Linguistics,http://www.epfl.ch,google.com,,"<degree_type>-+-subject",en,,,100
bachelor's degree in Management,http://www.epfl.ch,google.com,,"<degree_type>-+-subject",en,,,100
bachelor's degree in Marketing,http://www.epfl.ch,google.com,,"<degree_type>-+-subject",en,,,100
bachelor's degree in Mathematical Methods,http://www.epfl.ch,google.com,,"<degree_type>-+-subject",en,,,100
bachelor's degree in Mathematics,http://www.epfl.ch,google.com,,"<degree_type>-+-subject",en,,,100
bachelor's degree in Mathematics & Statistics,http://www.epfl.ch,google.com,,"<degree_type>-+-subject",en,,,100
bachelor's degree in Medical Sciences,http://www.epfl.ch,google.com,,"<degree_type>-+-subject",en,,,100
bachelor's degree in Mental Health Nursing,http://www.epfl.ch,google.com,,"<degree_type>-+-subject",en,,,100
bachelor's degree in Music,http://www.epfl.ch,google.com,,"<degree_type>-+-subject",en,,,100
bachelor's degree in Natural Sciences,http://www.epfl.ch,google.com,,"<degree_type>-+-subject",en,,,100
bachelor's degree in Networking,http://www.epfl.ch,google.com,,"<degree_type>-+-subject",en,,,100
bachelor's degree in Neuroscience,http://www.epfl.ch,google.com,,"<degree_type>-+-subject",en,,,100
bachelor's degree in Nursing & Healthcare Practice,http://www.epfl.ch,google.com,,"<degree_type>-+-subject",en,,,100
bachelor's degree in Pathology,http://www.epfl.ch,google.com,,"<degree_type>-+-subject",en,,,100
bachelor's degree in Philosophy,http://www.epfl.ch,google.com,,"<degree_type>-+-subject",en,,,100
bachelor's degree in Physics,http://www.epfl.ch,google.com,,"<degree_type>-+-subject",en,,,100
bachelor's degree in Politics,http://www.epfl.ch,google.com,,"<degree_type>-+-subject",en,,,100
bachelor's degree in Primary Education,http://www.epfl.ch,google.com,,"<degree_type>-+-subject",en,,,100
bachelor's degree in Professional Science,http://www.epfl.ch,google.com,,"<degree_type>-+-subject",en,,,100
bachelor's degree in Project Management,http://www.epfl.ch,google.com,,"<degree_type>-+-subject",en,,,100
bachelor's degree in Psychology,http://www.epfl.ch,google.com,,"<degree_type>-+-subject",en,,,100
bachelor's degree in Psychology & Counselling,http://www.epfl.ch,google.com,,"<degree_type>-+-subject",en,,,100
bachelor's degree in Pure Mathematics,http://www.epfl.ch,google.com,,"<degree_type>-+-subject",en,,,100
bachelor's degree in Religious Studies,http://www.epfl.ch,google.com,,"<degree_type>-+-subject",en,,,100
bachelor's degree in Research & Study Skills In Education,http://www.epfl.ch,google.com,,"<degree_type>-+-subject",en,,,100
bachelor's degree in Retail Management,http://www.epfl.ch,google.com,,"<degree_type>-+-subject",en,,,100
bachelor's degree in Science,http://www.epfl.ch,google.com,,"<degree_type>-+-subject",en,,,100
bachelor's degree in Secondary Education,http://www.epfl.ch,google.com,,"<degree_type>-+-subject",en,,,100
bachelor's degree in Social Care,http://www.epfl.ch,google.com,,"<degree_type>-+-subject",en,,,100
bachelor's degree in Social Policy,http://www.epfl.ch,google.com,,"<degree_type>-+-subject",en,,,100
bachelor's degree in Social Sciences,http://www.epfl.ch,google.com,,"<degree_type>-+-subject",en,,,100
bachelor's degree in Social Work,http://www.epfl.ch,google.com,,"<degree_type>-+-subject",en,,,100
bachelor's degree in Sociology,http://www.epfl.ch,google.com,,"<degree_type>-+-subject",en,,,100
bachelor's degree in Software Engineering,http://www.epfl.ch,google.com,,"<degree_type>-+-subject",en,,,100
bachelor's degree in Spanish,http://www.epfl.ch,google.com,,"<degree_type>-+-subject",en,,,100
bachelor's degree in Sport & Fitness,http://www.epfl.ch,google.com,,"<degree_type>-+-subject",en,,,100
bachelor's degree in Statistics,http://www.epfl.ch,google.com,,"<degree_type>-+-subject",en,,,100
bachelor's degree in Strategic Management,http://www.epfl.ch,google.com,,"<degree_type>-+-subject",en,,,100
bachelor's degree in Teacher Training,http://www.epfl.ch,google.com,,"<degree_type>-+-subject",en,,,100
bachelor's degree in Technology,http://www.epfl.ch,google.com,,"<degree_type>-+-subject",en,,,100
bachelor's degree in UK Law,http://www.epfl.ch,google.com,,"<degree_type>-+-subject",en,,,100
bachelor's degree in Youth Studiesmaster's degree in Academic Studies In Education,http://www.epfl.ch,google.com,,"<degree_type>-+-subject",en,,,100
master's degree in Accounting,http://www.epfl.ch,google.com,,"<degree_type>-+-subject",en,,,100
master's degree in Adult Nursing,http://www.epfl.ch,google.com,,"<degree_type>-+-subject",en,,,100
master's degree in Applied Mathematics,http://www.epfl.ch,google.com,,"<degree_type>-+-subject",en,,,100
master's degree in Aquatic Sciences,http://www.epfl.ch,google.com,,"<degree_type>-+-subject",en,,,100
master's degree in Archaeology,http://www.epfl.ch,google.com,,"<degree_type>-+-subject",en,,,100
master's degree in Art History,http://www.epfl.ch,google.com,,"<degree_type>-+-subject",en,,,100
master's degree in Arts & Humanities,http://www.epfl.ch,google.com,,"<degree_type>-+-subject",en,,,100
master's degree in Astronomy & Planetary Science,http://www.epfl.ch,google.com,,"<degree_type>-+-subject",en,,,100
master's degree in Biochemistry,http://www.epfl.ch,google.com,,"<degree_type>-+-subject",en,,,100
master's degree in Biology,http://www.epfl.ch,google.com,,"<degree_type>-+-subject",en,,,100
master's degree in Business & Commercial Law,http://www.epfl.ch,google.com,,"<degree_type>-+-subject",en,,,100
master's degree in Business & Management,http://www.epfl.ch,google.com,,"<degree_type>-+-subject",en,,,100
master's degree in Business Studies,http://www.epfl.ch,google.com,,"<degree_type>-+-subject",en,,,100
master's degree in Chemistry,http://www.epfl.ch,google.com,,"<degree_type>-+-subject",en,,,100
master's degree in Childhood & Youth Studies,http://www.epfl.ch,google.com,,"<degree_type>-+-subject",en,,,100
master's degree in Children,http://www.epfl.ch,google.com,,"<degree_type>-+-subject",en,,,100
master's degree in Chinese,http://www.epfl.ch,google.com,,"<degree_type>-+-subject",en,,,100
master's degree in Classical Studies,http://www.epfl.ch,google.com,,"<degree_type>-+-subject",en,,,100
master's degree in Communication Technologies,http://www.epfl.ch,google.com,,"<degree_type>-+-subject",en,,,100
master's degree in Computing & IT,http://www.epfl.ch,google.com,,"<degree_type>-+-subject",en,,,100
master's degree in Counselling,http://www.epfl.ch,google.com,,"<degree_type>-+-subject",en,,,100
master's degree in Creative Writing,http://www.epfl.ch,google.com,,"<degree_type>-+-subject",en,,,100
master's degree in Criminology,http://www.epfl.ch,google.com,,"<degree_type>-+-subject",en,,,100
master's degree in Design,http://www.epfl.ch,google.com,,"<degree_type>-+-subject",en,,,100
master's degree in Development,http://www.epfl.ch,google.com,,"<degree_type>-+-subject",en,,,100
master's degree in Early Years,http://www.epfl.ch,google.com,,"<degree_type>-+-subject",en,,,100
master's degree in Earth Sciences,http://www.epfl.ch,google.com,,"<degree_type>-+-subject",en,,,100
master's degree in Ecology,http://www.epfl.ch,google.com,,"<degree_type>-+-subject",en,,,100
master's degree in Economics,http://www.epfl.ch,google.com,,"<degree_type>-+-subject",en,,,100
master's degree in Education,http://www.epfl.ch,google.com,,"<degree_type>-+-subject",en,,,100
master's degree in Electronic Engineering,http://www.epfl.ch,google.com,,"<degree_type>-+-subject",en,,,33
master's degree in Engineering,http://www.epfl.ch,google.com,,"<degree_type>-+-subject",en,,,100
master's degree in English Language,http://www.epfl.ch,google.com,,"<degree_type>-+-subject",en,,,100
master's degree in English Literature,http://www.epfl.ch,google.com,,"<degree_type>-+-subject",en,,,100
master's degree in Environment & Development,http://www.epfl.ch,google.com,,"<degree_type>-+-subject",en,,,100
master's degree in Environmental Management,http://www.epfl.ch,google.com,,"<degree_type>-+-subject",en,,,100
master's degree in Environmental Sciences,http://www.epfl.ch,google.com,,"<degree_type>-+-subject",en,,,100
master's degree in Environmental Studies,http://www.epfl.ch,google.com,,"<degree_type>-+-subject",en,,,100
master's degree in Finance,http://www.epfl.ch,google.com,,"<degree_type>-+-subject",en,,,100
master's degree in French,http://www.epfl.ch,google.com,,"<degree_type>-+-subject",en,,,100
master's degree in General Computing,http://www.epfl.ch,google.com,,"<degree_type>-+-subject",en,,,100
master's degree in General Design,http://www.epfl.ch,google.com,,"<degree_type>-+-subject",en,,,100
master's degree in General Education,http://www.epfl.ch,google.com,,"<degree_type>-+-subject",en,,,100
master's degree in General Engineering,http://www.epfl.ch,google.com,,"<degree_type>-+-subject",en,,,100
master's degree in General Humanities,http://www.epfl.ch,google.com,,"<degree_type>-+-subject",en,,,100
master's degree in General Law,http://www.epfl.ch,google.com,,"<degree_type>-+-subject",en,,,100
master's degree in General Mathematics,http://www.epfl.ch,google.com,,"<degree_type>-+-subject",en,,,100
master's degree in General Nursing,http://www.epfl.ch,google.com,,"<degree_type>-+-subject",en,,,100
master's degree in General Social Science,http://www.epfl.ch,google.com,,"<degree_type>-+-subject",en,,,100
master's degree in General Statistics,http://www.epfl.ch,google.com,,"<degree_type>-+-subject",en,,,100
master's degree in General Technology,http://www.epfl.ch,google.com,,"<degree_type>-+-subject",en,,,100
master's degree in Genetics,http://www.epfl.ch,google.com,,"<degree_type>-+-subject",en,,,100
master's degree in Geography,http://www.epfl.ch,google.com,,"<degree_type>-+-subject",en,,,100
master's degree in Geology,http://www.epfl.ch,google.com,,"<degree_type>-+-subject",en,,,100
master's degree in German,http://www.epfl.ch,google.com,,"<degree_type>-+-subject",en,,,100
master's degree in Graphic Design,http://www.epfl.ch,google.com,,"<degree_type>-+-subject",en,,,100
master's degree in Health & Social Care,http://www.epfl.ch,google.com,,"<degree_type>-+-subject",en,,,100
master's degree in Health & Wellbeing,http://www.epfl.ch,google.com,,"<degree_type>-+-subject",en,,,100
master's degree in Health Sciences,http://www.epfl.ch,google.com,,"<degree_type>-+-subject",en,,,100
master's degree in Healthcare Practice,http://www.epfl.ch,google.com,,"<degree_type>-+-subject",en,,,100
master's degree in Heritage,http://www.epfl.ch,google.com,,"<degree_type>-+-subject",en,,,100
master's degree in History,http://www.epfl.ch,google.com,,"<degree_type>-+-subject",en,,,100
master's degree in Human Anatomy,http://www.epfl.ch,google.com,,"<degree_type>-+-subject",en,,,100
master's degree in Human Computer Interaction,http://www.epfl.ch,google.com,,"<degree_type>-+-subject",en,,,100
master's degree in Humanities,http://www.epfl.ch,google.com,,"<degree_type>-+-subject",en,,,100
master's degree in International Studies,http://www.epfl.ch,google.com,,"<degree_type>-+-subject",en,,,100
master's degree in Italian,http://www.epfl.ch,google.com,,"<degree_type>-+-subject",en,,,100
master's degree in Languages,http://www.epfl.ch,google.com,,"<degree_type>-+-subject",en,,,100
master's degree in Law,http://www.epfl.ch,google.com,,"<degree_type>-+-subject",en,,,100
master's degree in Leadership & Management,http://www.epfl.ch,google.com,,"<degree_type>-+-subject",en,,,100
master's degree in Linguistics,http://www.epfl.ch,google.com,,"<degree_type>-+-subject",en,,,100
master's degree in Management,http://www.epfl.ch,google.com,,"<degree_type>-+-subject",en,,,100
master's degree in Marketing,http://www.epfl.ch,google.com,,"<degree_type>-+-subject",en,,,100
master's degree in Mathematical Methods,http://www.epfl.ch,google.com,,"<degree_type>-+-subject",en,,,100
master's degree in Mathematics,http://www.epfl.ch,google.com,,"<degree_type>-+-subject",en,,,100
master's degree in Mathematics & Statistics,http://www.epfl.ch,google.com,,"<degree_type>-+-subject",en,,,100
master's degree in Medical Sciences,http://www.epfl.ch,google.com,,"<degree_type>-+-subject",en,,,100
master's degree in Mental Health Nursing,http://www.epfl.ch,google.com,,"<degree_type>-+-subject",en,,,100
master's degree in Music,http://www.epfl.ch,google.com,,"<degree_type>-+-subject",en,,,100
master's degree in Natural Sciences,http://www.epfl.ch,google.com,,"<degree_type>-+-subject",en,,,100
master's degree in Networking,http://www.epfl.ch,google.com,,"<degree_type>-+-subject",en,,,100
master's degree in Neuroscience,http://www.epfl.ch,google.com,,"<degree_type>-+-subject",en,,,100
master's degree in Nursing & Healthcare Practice,http://www.epfl.ch,google.com,,"<degree_type>-+-subject",en,,,100
master's degree in Pathology,http://www.epfl.ch,google.com,,"<degree_type>-+-subject",en,,,100
master's degree in Philosophy,http://www.epfl.ch,google.com,,"<degree_type>-+-subject",en,,,100
master's degree in Physics,http://www.epfl.ch,google.com,,"<degree_type>-+-subject",en,,,74
master's degree in Politics,http://www.epfl.ch,google.com,,"<degree_type>-+-subject",en,,,100
master's degree in Primary Education,http://www.epfl.ch,google.com,,"<degree_type>-+-subject",en,,,100
master's degree in Professional Science,http://www.epfl.ch,google.com,,"<degree_type>-+-subject",en,,,100
master's degree in Project Management,http://www.epfl.ch,google.com,,"<degree_type>-+-subject",en,,,100
master's degree in Psychology,http://www.epfl.ch,google.com,,"<degree_type>-+-subject",en,,,100
master's degree in Psychology & Counselling,http://www.epfl.ch,google.com,,"<degree_type>-+-subject",en,,,100
master's degree in Pure Mathematics,http://www.epfl.ch,google.com,,"<degree_type>-+-subject",en,,,100
master's degree in Religious Studies,http://www.epfl.ch,google.com,,"<degree_type>-+-subject",en,,,100
master's degree in Research & Study Skills In Education,http://www.epfl.ch,google.com,,"<degree_type>-+-subject",en,,,100
master's degree in Retail Management,http://www.epfl.ch,google.com,,"<degree_type>-+-subject",en,,,100
master's degree in Science,http://www.epfl.ch,google.com,,"<degree_type>-+-subject",en,,,100
master's degree in Secondary Education,http://www.epfl.ch,google.com,,"<degree_type>-+-subject",en,,,100
master's degree in Social Care,http://www.epfl.ch,google.com,,"<degree_type>-+-subject",en,,,100
master's degree in Social Policy,http://www.epfl.ch,google.com,,"<degree_type>-+-subject",en,,,100
master's degree in Social Sciences,http://www.epfl.ch,google.com,,"<degree_type>-+-subject",en,,,100
master's degree in Social Work,http://www.epfl.ch,google.com,,"<degree_type>-+-subject",en,,,100
master's degree in Sociology,http://www.epfl.ch,google.com,,"<degree_type>-+-subject",en,,,100
master's degree in Software Engineering,http://www.epfl.ch,google.com,,"<degree_type>-+-subject",en,,,100
master's degree in Spanish,http://www.epfl.ch,google.com,,"<degree_type>-+-subject",en,,,100
master's degree in Sport & Fitness,http://www.epfl.ch,google.com,,"<degree_type>-+-subject",en,,,100
master's degree in Statistics,http://www.epfl.ch,google.com,,"<degree_type>-+-subject",en,,,100
master's degree in Strategic Management,http://www.epfl.ch,google.com,,"<degree_type>-+-subject",en,,,100
master's degree in Teacher Training,http://www.epfl.ch,google.com,,"<degree_type>-+-subject",en,,,100
master's degree in Technology,http://www.epfl.ch,google.com,,"<degree_type>-+-subject",en,,,100
master's degree in UK Law,http://www.epfl.ch,google.com,,"<degree_type>-+-subject",en,,,100
master's degree in Youth Studiesphd in Academic Studies In Education,http://www.epfl.ch,google.com,,"<degree_type>-+-subject",en,,,100
phd in Accounting,http://www.epfl.ch,google.com,,"<degree_type>-+-subject",en,,,100
phd in Adult Nursing,http://www.epfl.ch,google.com,,"<degree_type>-+-subject",en,,,100
phd in Applied Mathematics,http://www.epfl.ch,google.com,,"<degree_type>-+-subject",en,,,100
phd in Aquatic Sciences,http://www.epfl.ch,google.com,,"<degree_type>-+-subject",en,,,100
phd in Archaeology,http://www.epfl.ch,google.com,,"<degree_type>-+-subject",en,,,100
phd in Art History,http://www.epfl.ch,google.com,,"<degree_type>-+-subject",en,,,100
phd in Arts & Humanities,http://www.epfl.ch,google.com,,"<degree_type>-+-subject",en,,,100
phd in Astronomy & Planetary Science,http://www.epfl.ch,google.com,,"<degree_type>-+-subject",en,,,100
phd in Biochemistry,http://www.epfl.ch,google.com,,"<degree_type>-+-subject",en,,,100
phd in Biology,http://www.epfl.ch,google.com,,"<degree_type>-+-subject",en,,,100
phd in Business & Commercial Law,http://www.epfl.ch,google.com,,"<degree_type>-+-subject",en,,,100
phd in Business & Management,http://www.epfl.ch,google.com,,"<degree_type>-+-subject",en,,,100
phd in Business Studies,http://www.epfl.ch,google.com,,"<degree_type>-+-subject",en,,,100
phd in Chemistry,http://www.epfl.ch,google.com,,"<degree_type>-+-subject",en,,,45
phd in Childhood & Youth Studies,http://www.epfl.ch,google.com,,"<degree_type>-+-subject",en,,,100
phd in Children,http://www.epfl.ch,google.com,,"<degree_type>-+-subject",en,,,100
phd in Chinese,http://www.epfl.ch,google.com,,"<degree_type>-+-subject",en,,,100
phd in Classical Studies,http://www.epfl.ch,google.com,,"<degree_type>-+-subject",en,,,100
phd in Communication Technologies,http://www.epfl.ch,google.com,,"<degree_type>-+-subject",en,,,100
phd in Computing & IT,http://www.epfl.ch,google.com,,"<degree_type>-+-subject",en,,,100
phd in Counselling,http://www.epfl.ch,google.com,,"<degree_type>-+-subject",en,,,100
phd in Creative Writing,http://www.epfl.ch,google.com,,"<degree_type>-+-subject",en,,,100
phd in Criminology,http://www.epfl.ch,google.com,,"<degree_type>-+-subject",en,,,100
phd in Design,http://www.epfl.ch,google.com,,"<degree_type>-+-subject",en,,,100
phd in Development,http://www.epfl.ch,google.com,,"<degree_type>-+-subject",en,,,100
phd in Early Years,http://www.epfl.ch,google.com,,"<degree_type>-+-subject",en,,,100
phd in Earth Sciences,http://www.epfl.ch,google.com,,"<degree_type>-+-subject",en,,,100
phd in Ecology,http://www.epfl.ch,google.com,,"<degree_type>-+-subject",en,,,100
phd in Economics,http://www.epfl.ch,google.com,,"<degree_type>-+-subject",en,,,100
phd in Education,http://www.epfl.ch,google.com,,"<degree_type>-+-subject",en,,,100
phd in Electronic Engineering,http://www.epfl.ch,google.com,,"<degree_type>-+-subject",en,,,68
phd in Engineering,http://www.epfl.ch,google.com,,"<degree_type>-+-subject",en,,,100
phd in English Language,http://www.epfl.ch,google.com,,"<degree_type>-+-subject",en,,,100
phd in English Literature,http://www.epfl.ch,google.com,,"<degree_type>-+-subject",en,,,100
phd in Environment & Development,http://www.epfl.ch,google.com,,"<degree_type>-+-subject",en,,,100
phd in Environmental Management,http://www.epfl.ch,google.com,,"<degree_type>-+-subject",en,,,100
phd in Environmental Sciences,http://www.epfl.ch,google.com,,"<degree_type>-+-subject",en,,,100
phd in Environmental Studies,http://www.epfl.ch,google.com,,"<degree_type>-+-subject",en,,,100
phd in Finance,http://www.epfl.ch,google.com,,"<degree_type>-+-subject",en,,,74
phd in French,http://www.epfl.ch,google.com,,"<degree_type>-+-subject",en,,,100
phd in General Computing,http://www.epfl.ch,google.com,,"<degree_type>-+-subject",en,,,66
phd in General Design,http://www.epfl.ch,google.com,,"<degree_type>-+-subject",en,,,100
phd in General Education,http://www.epfl.ch,google.com,,"<degree_type>-+-subject",en,,,100
phd in General Engineering,http://www.epfl.ch,google.com,,"<degree_type>-+-subject",en,,,100
phd in General Humanities,http://www.epfl.ch,google.com,,"<degree_type>-+-subject",en,,,100
phd in General Law,http://www.epfl.ch,google.com,,"<degree_type>-+-subject",en,,,100
phd in General Mathematics,http://www.epfl.ch,google.com,,"<degree_type>-+-subject",en,,,100
phd in General Nursing,http://www.epfl.ch,google.com,,"<degree_type>-+-subject",en,,,100
phd in General Social Science,http://www.epfl.ch,google.com,,"<degree_type>-+-subject",en,,,100
phd in General Statistics,http://www.epfl.ch,google.com,,"<degree_type>-+-subject",en,,,100
phd in General Technology,http://www.epfl.ch,google.com,,"<degree_type>-+-subject",en,,,100
phd in Genetics,http://www.epfl.ch,google.com,,"<degree_type>-+-subject",en,,,100
phd in Geography,http://www.epfl.ch,google.com,,"<degree_type>-+-subject",en,,,100
phd in Geology,http://www.epfl.ch,google.com,,"<degree_type>-+-subject",en,,,100
phd in German,http://www.epfl.ch,google.com,,"<degree_type>-+-subject",en,,,100
phd in Graphic Design,http://www.epfl.ch,google.com,,"<degree_type>-+-subject",en,,,100
phd in Health & Social Care,http://www.epfl.ch,google.com,,"<degree_type>-+-subject",en,,,100
phd in Health & Wellbeing,http://www.epfl.ch,google.com,,"<degree_type>-+-subject",en,,,100
phd in Health Sciences,http://www.epfl.ch,google.com,,"<degree_type>-+-subject",en,,,100
phd in Healthcare Practice,http://www.epfl.ch,google.com,,"<degree_type>-+-subject",en,,,100
phd in Heritage,http://www.epfl.ch,google.com,,"<degree_type>-+-subject",en,,,100
phd in History,http://www.epfl.ch,google.com,,"<degree_type>-+-subject",en,,,100
phd in Human Anatomy,http://www.epfl.ch,google.com,,"<degree_type>-+-subject",en,,,100
phd in Human Computer Interaction,http://www.epfl.ch,google.com,,"<degree_type>-+-subject",en,,,34
phd in Humanities,http://www.epfl.ch,google.com,,"<degree_type>-+-subject",en,,,100
phd in International Studies,http://www.epfl.ch,google.com,,"<degree_type>-+-subject",en,,,100
phd in Italian,http://www.epfl.ch,google.com,,"<degree_type>-+-subject",en,,,100
phd in Languages,http://www.epfl.ch,google.com,,"<degree_type>-+-subject",en,,,100
phd in Law,http://www.epfl.ch,google.com,,"<degree_type>-+-subject",en,,,100
phd in Leadership & Management,http://www.epfl.ch,google.com,,"<degree_type>-+-subject",en,,,100
phd in Linguistics,http://www.epfl.ch,google.com,,"<degree_type>-+-subject",en,,,100
phd in Management,http://www.epfl.ch,google.com,,"<degree_type>-+-subject",en,,,56
phd in Marketing,http://www.epfl.ch,google.com,,"<degree_type>-+-subject",en,,,100
phd in Mathematical Methods,http://www.epfl.ch,google.com,,"<degree_type>-+-subject",en,,,100
phd in Mathematics,http://www.epfl.ch,google.com,,"<degree_type>-+-subject",en,,,100
phd in Mathematics & Statistics,http://www.epfl.ch,google.com,,"<degree_type>-+-subject",en,,,100
phd in Medical Sciences,http://www.epfl.ch,google.com,,"<degree_type>-+-subject",en,,,100
phd in Mental Health Nursing,http://www.epfl.ch,google.com,,"<degree_type>-+-subject",en,,,100
phd in Music,http://www.epfl.ch,google.com,,"<degree_type>-+-subject",en,,,100
phd in Natural Sciences,http://www.epfl.ch,google.com,,"<degree_type>-+-subject",en,,,100
phd in Networking,http://www.epfl.ch,google.com,,"<degree_type>-+-subject",en,,,100
phd in Neuroscience,http://www.epfl.ch,google.com,,"<degree_type>-+-subject",en,,,52
phd in Nursing & Healthcare Practice,http://www.epfl.ch,google.com,,"<degree_type>-+-subject",en,,,100
phd in Pathology,http://www.epfl.ch,google.com,,"<degree_type>-+-subject",en,,,100
phd in Philosophy,http://www.epfl.ch,google.com,,"<degree_type>-+-subject",en,,,100
phd in Physics,http://www.epfl.ch,google.com,,"<degree_type>-+-subject",en,,,100
phd in Politics,http://www.epfl.ch,google.com,,"<degree_type>-+-subject",en,,,100
phd in Primary Education,http://www.epfl.ch,google.com,,"<degree_type>-+-subject",en,,,100
phd in Professional Science,http://www.epfl.ch,google.com,,"<degree_type>-+-subject",en,,,100
phd in Project Management,http://www.epfl.ch,google.com,,"<degree_type>-+-subject",en,,,100
phd in Psychology,http://www.epfl.ch,google.com,,"<degree_type>-+-subject",en,,,100
phd in Psychology & Counselling,http://www.epfl.ch,google.com,,"<degree_type>-+-subject",en,,,100
phd in Pure Mathematics,http://www.epfl.ch,google.com,,"<degree_type>-+-subject",en,,,100
phd in Religious Studies,http://www.epfl.ch,google.com,,"<degree_type>-+-subject",en,,,100
phd in Research & Study Skills In Education,http://www.epfl.ch,google.com,,"<degree_type>-+-subject",en,,,100
phd in Retail Management,http://www.epfl.ch,google.com,,"<degree_type>-+-subject",en,,,100
phd in Science,http://www.epfl.ch,google.com,,"<degree_type>-+-subject",en,,,100
phd in Secondary Education,http://www.epfl.ch,google.com,,"<degree_type>-+-subject",en,,,100
phd in Social Care,http://www.epfl.ch,google.com,,"<degree_type>-+-subject",en,,,100
phd in Social Policy,http://www.epfl.ch,google.com,,"<degree_type>-+-subject",en,,,100
phd in Social Sciences,http://www.epfl.ch,google.com,,"<degree_type>-+-subject",en,,,100
phd in Social Work,http://www.epfl.ch,google.com,,"<degree_type>-+-subject",en,,,100
phd in Sociology,http://www.epfl.ch,google.com,,"<degree_type>-+-subject",en,,,100
phd in Software Engineering,http://www.epfl.ch,google.com,,"<degree_type>-+-subject",en,,,100
phd in Spanish,http://www.epfl.ch,google.com,,"<degree_type>-+-subject",en,,,100
phd in Sport & Fitness,http://www.epfl.ch,google.com,,"<degree_type>-+-subject",en,,,100
phd in Statistics,http://www.epfl.ch,google.com,,"<degree_type>-+-subject",en,,,100
phd in Strategic Management,http://www.epfl.ch,google.com,,"<degree_type>-+-subject",en,,,100
phd in Teacher Training,http://www.epfl.ch,google.com,,"<degree_type>-+-subject",en,,,100
phd in Technology,http://www.epfl.ch,google.com,,"<degree_type>-+-subject",en,,,100
phd in UK Law,http://www.epfl.ch,google.com,,"<degree_type>-+-subject",en,,,100
phd in Youth Studies,http://www.epfl.ch,google.com,,"<degree_type>-+-subject",en,,,100