id_keyword,keyword
696,bachelor's degree in Academic Studies In Education
697,bachelor's degree in Accounting
698,bachelor's degree in Adult Nursing
699,bachelor's degree in Applied Mathematics
700,bachelor's degree in Aquatic Sciences
701,bachelor's degree in Archaeology
702,bachelor's degree in Art History
703,bachelor's degree in Arts & Humanities
704,bachelor's degree in Astronomy & Planetary Science
705,bachelor's degree in Biochemistry
706,bachelor's degree in Biology
707,bachelor's degree in Business & Commercial Law
708,bachelor's degree in Business & Management
709,bachelor's degree in Business Studies
710,bachelor's degree in Chemistry
711,bachelor's degree in Childhood & Youth Studies
712,bachelor's degree in Children
713,Young People & Families
714,bachelor's degree in Chinese
715,bachelor's degree in Classical Studies
716,bachelor's degree in Communication Technologies
717,bachelor's degree in Computing & IT
718,bachelor's degree in Counselling
719,bachelor's degree in Creative Writing
720,bachelor's degree in Criminology
721,bachelor's degree in Design
722,bachelor's degree in Development
723,bachelor's degree in Early Years
724,bachelor's degree in Earth Sciences
725,bachelor's degree in Ecology
726,bachelor's degree in Economics
727,bachelor's degree in Education
728,Childhood & Youth
729,bachelor's degree in Electronic Engineering
730,bachelor's degree in Engineering
731,bachelor's degree in English Language
732,bachelor's degree in English Literature
733,bachelor's degree in Environment & Development
734,bachelor's degree in Environmental Management
735,bachelor's degree in Environmental Sciences
736,bachelor's degree in Environmental Studies
737,bachelor's degree in Finance
738,bachelor's degree in French
739,bachelor's degree in General Computing
740,bachelor's degree in General Design
741,bachelor's degree in General Education
742,bachelor's degree in General Engineering
743,bachelor's degree in General Humanities
744,bachelor's degree in General Law
745,bachelor's degree in General Mathematics
746,bachelor's degree in General Nursing
747,bachelor's degree in General Social Science
748,bachelor's degree in General Statistics
749,bachelor's degree in General Technology
750,bachelor's degree in Genetics
751,bachelor's degree in Geography
752,bachelor's degree in Geology
753,bachelor's degree in German
754,bachelor's degree in Graphic Design
755,bachelor's degree in Health & Social Care
756,bachelor's degree in Health & Wellbeing
757,bachelor's degree in Health Sciences
758,bachelor's degree in Healthcare Practice
759,bachelor's degree in Heritage
760,bachelor's degree in History
761,bachelor's degree in Human Anatomy
762,bachelor's degree in Human Computer Interaction
763,bachelor's degree in Humanities
764,bachelor's degree in International Studies
765,bachelor's degree in Italian
766,bachelor's degree in Languages
767,bachelor's degree in Law
768,bachelor's degree in Leadership & Management
769,bachelor's degree in Linguistics
770,bachelor's degree in Management
771,bachelor's degree in Marketing
772,bachelor's degree in Mathematical Methods
773,bachelor's degree in Mathematics
774,bachelor's degree in Mathematics & Statistics
775,bachelor's degree in Medical Sciences
776,bachelor's degree in Mental Health Nursing
777,bachelor's degree in Music
778,bachelor's degree in Natural Sciences
779,bachelor's degree in Networking
780,bachelor's degree in Neuroscience
781,bachelor's degree in Nursing & Healthcare Practice
782,bachelor's degree in Pathology
783,bachelor's degree in Philosophy
784,bachelor's degree in Physics
785,bachelor's degree in Politics
786,bachelor's degree in Primary Education
787,bachelor's degree in Professional Science
788,bachelor's degree in Project Management
789,bachelor's degree in Psychology
790,bachelor's degree in Psychology & Counselling
791,bachelor's degree in Pure Mathematics
792,bachelor's degree in Religious Studies
793,bachelor's degree in Research & Study Skills In Education
794,bachelor's degree in Retail Management
795,bachelor's degree in Science
796,bachelor's degree in Secondary Education
797,bachelor's degree in Social Care
798,bachelor's degree in Social Policy
799,bachelor's degree in Social Sciences
800,bachelor's degree in Social Work
801,bachelor's degree in Sociology
802,bachelor's degree in Software Engineering
803,bachelor's degree in Spanish
804,bachelor's degree in Sport & Fitness
805,bachelor's degree in Statistics
806,bachelor's degree in Strategic Management
807,bachelor's degree in Teacher Training
808,bachelor's degree in Technology
809,bachelor's degree in UK Law
810,bachelor's degree in Youth Studiesmaster's degree in Academic Studies In Education
811,master's degree in Accounting
812,master's degree in Adult Nursing
813,master's degree in Applied Mathematics
814,master's degree in Aquatic Sciences
815,master's degree in Archaeology
816,master's degree in Art History
817,master's degree in Arts & Humanities
818,master's degree in Astronomy & Planetary Science
819,master's degree in Biochemistry
820,master's degree in Biology
821,master's degree in Business & Commercial Law
822,master's degree in Business & Management
823,master's degree in Business Studies
824,master's degree in Chemistry
825,master's degree in Childhood & Youth Studies
826,master's degree in Children
827,master's degree in Chinese
828,master's degree in Classical Studies
829,master's degree in Communication Technologies
830,master's degree in Computing & IT
831,master's degree in Counselling
832,master's degree in Creative Writing
833,master's degree in Criminology
834,master's degree in Design
835,master's degree in Development
836,master's degree in Early Years
837,master's degree in Earth Sciences
838,master's degree in Ecology
839,master's degree in Economics
840,master's degree in Education
841,master's degree in Electronic Engineering
842,master's degree in Engineering
843,master's degree in English Language
844,master's degree in English Literature
845,master's degree in Environment & Development
846,master's degree in Environmental Management
847,master's degree in Environmental Sciences
848,master's degree in Environmental Studies
849,master's degree in Finance
850,master's degree in French
851,master's degree in General Computing
852,master's degree in General Design
853,master's degree in General Education
854,master's degree in General Engineering
855,master's degree in General Humanities
856,master's degree in General Law
857,master's degree in General Mathematics
858,master's degree in General Nursing
859,master's degree in General Social Science
860,master's degree in General Statistics
861,master's degree in General Technology
862,master's degree in Genetics
863,master's degree in Geography
864,master's degree in Geology
865,master's degree in German
866,master's degree in Graphic Design
867,master's degree in Health & Social Care
868,master's degree in Health & Wellbeing
869,master's degree in Health Sciences
870,master's degree in Healthcare Practice
871,master's degree in Heritage
872,master's degree in History
873,master's degree in Human Anatomy
874,master's degree in Human Computer Interaction
875,master's degree in Humanities
876,master's degree in International Studies
877,master's degree in Italian
878,master's degree in Languages
879,master's degree in Law
880,master's degree in Leadership & Management
881,master's degree in Linguistics
882,master's degree in Management
883,master's degree in Marketing
884,master's degree in Mathematical Methods
885,master's degree in Mathematics
886,master's degree in Mathematics & Statistics
887,master's degree in Medical Sciences
888,master's degree in Mental Health Nursing
889,master's degree in Music
890,master's degree in Natural Sciences
891,master's degree in Networking
892,master's degree in Neuroscience
893,master's degree in Nursing & Healthcare Practice
894,master's degree in Pathology
895,master's degree in Philosophy
896,master's degree in Physics
897,master's degree in Politics
898,master's degree in Primary Education
899,master's degree in Professional Science
900,master's degree in Project Management
901,master's degree in Psychology
902,master's degree in Psychology & Counselling
903,master's degree in Pure Mathematics
904,master's degree in Religious Studies
905,master's degree in Research & Study Skills In Education
906,master's degree in Retail Management
907,master's degree in Science
908,master's degree in Secondary Education
909,master's degree in Social Care
910,master's degree in Social Policy
911,master's degree in Social Sciences
912,master's degree in Social Work
913,master's degree in Sociology
914,master's degree in Software Engineering
915,master's degree in Spanish
916,master's degree in Sport & Fitness
917,master's degree in Statistics
918,master's degree in Strategic Management
919,master's degree in Teacher Training
920,master's degree in Technology
921,master's degree in UK Law
922,master's degree in Youth Studiesphd in Academic Studies In Education
923,phd in Accounting
924,phd in Adult Nursing
925,phd in Applied Mathematics
926,phd in Aquatic Sciences
927,phd in Archaeology
928,phd in Art History
929,phd in Arts & Humanities
930,phd in Astronomy & Planetary Science
931,phd in Biochemistry
932,phd in Biology
933,phd in Business & Commercial Law
934,phd in Business & Management
935,phd in Business Studies
936,phd in Chemistry
937,phd in Childhood & Youth Studies
938,phd in Children
939,phd in Chinese
940,phd in Classical Studies
941,phd in Communication Technologies
942,phd in Computing & IT
943,phd in Counselling
944,phd in Creative Writing
945,phd in Criminology
946,phd in Design
947,phd in Development
948,phd in Early Years
949,phd in Earth Sciences
950,phd in Ecology
951,phd in Economics
952,phd in Education
953,phd in Electronic Engineering
954,phd in Engineering
955,phd in English Language
956,phd in English Literature
957,phd in Environment & Development
958,phd in Environmental Management
959,phd in Environmental Sciences
960,phd in Environmental Studies
961,phd in Finance
962,phd in French
963,phd in General Computing
964,phd in General Design
965,phd in General Education
966,phd in General Engineering
967,phd in General Humanities
968,phd in General Law
969,phd in General Mathematics
970,phd in General Nursing
971,phd in General Social Science
972,phd in General Statistics
973,phd in General Technology
974,phd in Genetics
975,phd in Geography
976,phd in Geology
977,phd in German
978,phd in Graphic Design
979,phd in Health & Social Care
980,phd in Health & Wellbeing
981,phd in Health Sciences
982,phd in Healthcare Practice
983,phd in Heritage
984,phd in History
985,phd in Human Anatomy
986,phd in Human Computer Interaction
987,phd in Humanities
988,phd in International Studies
989,phd in Italian
990,phd in Languages
991,phd in Law
992,phd in Leadership & Management
993,phd in Linguistics
994,phd in Management
995,phd in Marketing
996,phd in Mathematical Methods
997,phd in Mathematics
998,phd in Mathematics & Statistics
999,phd in Medical Sciences
1000,phd in Mental Health Nursing
1001,phd in Music
1002,phd in Natural Sciences
1003,phd in Networking
1004,phd in Neuroscience
1005,phd in Nursing & Healthcare Practice
1006,phd in Pathology
1007,phd in Philosophy
1008,phd in Physics
1009,phd in Politics
1010,phd in Primary Education
1011,phd in Professional Science
1012,phd in Project Management
1013,phd in Psychology
1014,phd in Psychology & Counselling
1015,phd in Pure Mathematics
1016,phd in Religious Studies
1017,phd in Research & Study Skills In Education
1018,phd in Retail Management
1019,phd in Science
1020,phd in Secondary Education
1021,phd in Social Care
1022,phd in Social Policy
1023,phd in Social Sciences
1024,phd in Social Work
1025,phd in Sociology
1026,phd in Software Engineering
1027,phd in Spanish
1028,phd in Sport & Fitness
1029,phd in Statistics
1030,phd in Strategic Management
1031,phd in Teacher Training
1032,phd in Technology
1033,phd in UK Law
1034,phd in Youth Studies
