United States of America,898
United Kingdom,93
Canada,55
Germany,40
Australia,33
Italy,30
Spain,20
France,17
China,14
Netherlands,14
Sweden,13
South Africa,12
India,12
Malaysia,12
Pakistan,11
Ireland,11
Finland,9
Japan,9
Kenya,8
Austria,8
Norway,8
Hong Kong,7
Switzerland,7
New Zealand,6
Czech Republic,6
Denmark,6
Israel,5
Russia,5
Hungary,4
Turkey,4
Estonia,4
Poland,4
Portugal,4
Zimbabwe,3
Cyprus,3
Thailand,3
Singapore,3
Ghana,3
Egypt,2
Taiwan,2
Jordan,2
Sri Lanka,2
Belgium,2
Saudi Arabia,2
Philippines,2
Bulgaria,1
Costa Rica,1
Puerto Rico,1
Lithuania,1
Namibia,1
Slovenia,1
Lebanon,1
United Arab Emirates,1
Latvia,1
Croatia,1
Luxembourg,1
Guyana,1
Belize,1
Mexico,1
Malta,1
Tanzania,1
"Korea, South",1
Greece,1
Zambia,1
Ethiopia,1
Oman,1
Nigeria,1
Nepal,1
Gambia,1
Botswana,1
Cambodia,1
Serbia,1
Uganda,1
Kuwait,1
