University,Country,rank,inv_rank
Boston University,Massachusetts,7547,25.32930749347876
New York University,New York,7445,15.952791516033336
Stanford University,California,6479,15.136371539538121
Southern New Hampshire University,New Hampshire,2788,14.145091786132696
Columbia University,New York,4861,14.031654014831096
Arizona State University,Arizona,9988,11.856198091685382
Pennsylvania State University,Pennsylvania,7932,11.231196698470914
"University of California, Berkeley",California,4613,11.149066515517518
Harvard University,Massachusetts,5493,10.437586784089712
George Mason University,Virginia,6460,10.430588691790634
Johns Hopkins University,Maryland,4912,9.846682945205352
University of Pittsburgh,Pennsylvania,5403,9.739661148790976
University of Cambridge,United Kingdom,4803,9.23778806487009
University of Washington,Washington,6607,9.212311711855579
Capella University,Minnesota,2700,8.842707156359426
University of Florida,Florida,6799,8.307842181665379
University of Maryland University College,Maryland,3139,8.02019724160645
University of Phoenix,Arizona,3025,7.681887761397838
Carnegie Mellon University,Pennsylvania,2791,7.510922940089295
American University,District of Columbia,2758,7.412244108062002
University of Pennsylvania,Pennsylvania,6092,7.357201251257642
Yale University,Connecticut,5391,6.86210367974782
University of Colorado at Boulder,Colorado,4799,6.808473466043962
"University of California, Los Angeles",California,5233,6.741235780611193
University of Chicago,Illinois,4703,6.608507962725937
"Rutgers, The State University of New Jersey",New Jersey,8044,6.533163892021186
University of Maryland at College Park,Maryland,4943,6.318891291485057
University of Arizona,Arizona,6898,6.269491356491471
City University of New York (CUNY) System,New York,7461,6.152764411254694
University of Houston,Texas,7152,6.021642846788045
Georgetown University,District of Columbia,2879,5.999048941049367
Cornell University,New York,4964,5.9312640901230775
University of Denver,Colorado,3360,5.920963843698065
"University College London, University of London",United Kingdom,5478,5.912582497910776
George Washington University,District of Columbia,3317,5.880936041859238
University of Texas at Austin,Texas,5160,5.6514683866689195
American Public University,Virginia,2914,5.536626728671046
University of North Carolina at Chapel Hill,North Carolina,4533,5.530190574294102
Michigan State University,Michigan,8746,5.433215948570693
Duke University,North Carolina,5190,5.38226746399634
University of Michigan - Ann Arbor,Michigan,6968,5.279282315855647
Ashford University ,California,1845,5.175571887324421
Open University,United Kingdom,2513,5.1605065432931685
Brown University,Rhode Island,3202,5.115577203308962
Drexel University,Pennsylvania,6066,5.103245947953177
Western Governors University,Utah,1874,4.993269999470676
University of Oregon,Oregon,4809,4.980163257332576
University of Edinburgh,United Kingdom,5083,4.907294610222316
University of South Florida,Florida,7845,4.788517744294534
University of Illinois at Chicago,Illinois,6297,4.774164880323315
Massachusetts Institute of Technology,Massachusetts,4045,4.4107351331668125
Portland State University,Oregon,4176,4.301498480818856
University of Surrey,United Kingdom,1576,4.197724419854535
University of Utah,Utah,5374,4.029718161060068
University of Iowa,Iowa,4639,4.028679695369116
"Rasmussen College, Florida Campuses",Florida,1873,3.976526950665976
University of Oxford,United Kingdom,5274,3.976480447118258
University of Virginia,Virginia,3872,3.970271082560776
Georgia Institute of Technology,Georgia,3154,3.949664130853125
University of Georgia,Georgia,4288,3.947282614985961
University of Colorado at Denver,Colorado,5738,3.88871693343333
Colorado Technical University,Colorado,2109,3.717424287036747
University of Nevada - Reno,Nevada,4948,3.6948770415607486
Walden University,Minnesota,2776,3.68336865842113
Northern Arizona University,Arizona,3749,3.5261070069344145
Princeton University,New Jersey,2859,3.4978040488499262
Purdue University,Indiana,3958,3.4846776330203983
University of Southern California,California,5986,3.4329312179441227
University of Wisconsin - Madison,Wisconsin,5417,3.415092701228473
Virginia Commonwealth University,Virginia,3559,3.3836106645546598
Vanderbilt University,Tennessee,2860,3.374209306380502
Colorado State University,Colorado,3659,3.3149873544798307
Florida State University,Florida,7194,3.28884623004745
University of Central Florida,Florida,5310,3.2886709322247323
University of Rochester,New York,2458,3.256001095731577
University of Derby,United Kingdom,1035,3.239599224244415
University of Nebraska - Lincoln,Nebraska,2801,3.17365788770156
University Of Hawaii - System,Hawaii,6240,3.0998973878376876
Indiana University (System),Indiana,4384,3.031845164386391
University of Massachusetts at Amherst,Massachusetts,5382,3.0239005331262194
University of Missouri - Columbia,Missouri,5996,2.93707918476014
University of Nottingham,United Kingdom,2709,2.929385146624456
University of Maryland at Baltimore,Maryland,2428,2.87611443420268
Washington State University,Washington,3289,2.8523511950081706
California Institute of Technology,California,1953,2.830190235238183
"University of California, Davis",California,4112,2.7778551056287446
Illinois Institute of Technology,Illinois,1272,2.7716774110957307
Grand Canyon University,Arizona,3933,2.758855451339013
"City University of New York, Graduate School and University Center",New York,2552,2.74625842710246
DePaul University,Illinois,5027,2.7445605994304567
"California State University, Chico",California,2134,2.73804502611626
University of Texas at Dallas,Texas,6729,2.7278345255891074
Rice University,Texas,2175,2.7258242780498594
Florida Institute of Technology,Florida,2687,2.6796448498623193
Regent University,Virginia,1914,2.639413852602966
Washington University in St. Louis,Missouri,2955,2.615796662531221
Florida International University,Florida,5640,2.573742924838764
University of South Carolina,South Carolina,4274,2.5069262750023373
State University of New York at Buffalo,New York,3690,2.5043911381990767
Nova Southeastern University,Florida,4171,2.477791442088798
University of Kansas,Kansas,4067,2.4622628543781175
Michigan Technological University,Michigan,3088,2.4577228106790785
McGill University,Canada,3658,2.3697858179480584
Syracuse University,New York,3059,2.360592652942889
University of Massachusetts at Boston,Massachusetts,3276,2.3319452261984837
University of Warwick,United Kingdom,3453,2.325891244110923
University of Texas at San Antonio,Texas,4687,2.325689773193375
Kent State University,Ohio,3589,2.3204128455570014
Indiana University-Purdue University at Indianapolis,Indiana,5332,2.261745660072636
University of Cincinnati,Ohio,3439,2.2539627798084627
"London School of Economics and Political Science, University of London",United Kingdom,1761,2.188690944120986
Brandeis University,Massachusetts,2632,2.1881884168568906
University of Nevada - Las Vegas,Nevada,4634,2.1749313114564544
North Carolina State University,North Carolina,4058,2.1725518244011623
University of North Texas,Texas,7074,2.1696944653368235
Auburn University,Alabama,2572,2.1685628852617604
University of British Columbia,Canada,4388,2.1584023678007234
University of Glasgow,United Kingdom,4779,2.1356146177333173
Wright State University,Ohio,2238,2.1347367059370748
Northeastern University,Massachusetts,2015,2.1325345809886795
University of Leicester,United Kingdom,2985,2.124299544221866
Clemson University,South Carolina,4487,2.1010284077489003
Brock University,Canada,1050,2.0963078602387286
University of Idaho,Idaho,3112,2.0956587541237433
Montclair State University,New Jersey,2484,2.057782378911544
University of Texas at Arlington,Texas,4418,2.0434575369086456
"California State University, Long Beach",California,4264,2.029746637813792
Florida Atlantic University,Florida,6405,2.0225345328085464
Wayne State University,Michigan,5681,2.0223075265014616
Liberty University,Virginia,2560,2.0081931323427336
Heritage College,Washington,2,2.0
"University of California, Santa Barbara",California,3257,1.9822794964872859
Anglia Ruskin University,United Kingdom,1089,1.963668160313285
"University of California, Irvine",California,5533,1.941209987810193
University of Portsmouth,United Kingdom,1549,1.9244300480736098
University of Miami,Florida,2866,1.9124628714436085
Lesley University,Massachusetts,3444,1.909297662634925
University of Melbourne,Australia,2113,1.893974688630468
Rochester Institute of Technology,New York,2470,1.8816410801714794
University of Connecticut,Connecticut,4652,1.8661251349110146
Temple University,Pennsylvania,4984,1.8627343066339195
Bellevue University,Nebraska,1782,1.8584062890422683
University of Kentucky,Kentucky,2385,1.8399732079733415
Franklin University,Ohio,1763,1.8267112254458426
University of New Mexico,New Mexico,4736,1.8203980274080152
Old Dominion University,Virginia,2623,1.7984458363832507
Boston College,Massachusetts,2300,1.7833913462133724
Texas A&M University,Texas,4013,1.7700741240549018
Ball State University,Indiana,4014,1.7064042414094247
Ferris State University,Michigan,2507,1.6910892897698726
University of Massachusetts at Lowell,Massachusetts,3438,1.6910246491745993
University of St. Michael's College,Canada,3852,1.6750517652783334
St. Petersburg College,Florida,2015,1.6452614376089953
The Tulane University of New Orleans,Louisiana,2927,1.644092469082818
University of Missouri - Kansas City,Missouri,2686,1.6223056146663513
"California State University, Northridge",California,2876,1.6192735491452281
Middlebury College,Vermont,148,1.6028272802466352
"University of California, Santa Cruz",California,3409,1.5974846151368516
University of Toledo,Ohio,2214,1.5795922983303494
Emory University,Georgia,3090,1.5701326779682359
University of New Hampshire,New Hampshire,2982,1.5558095449830245
University of Notre Dame,Indiana,2260,1.5507661030490492
University of Delaware,Delaware,2303,1.5425951328628165
San Diego State University,California,3724,1.5392402050405944
Louisiana State University and Agricultural and Mechanical College,Louisiana,3677,1.5381082815401432
University of Southern Mississippi,Mississippi,2509,1.5353478105909548
University of Tennessee - Knoxville,Tennessee,2349,1.505211204136956
Boise State University,Idaho,1411,1.4893891601715779
Regis University,Colorado,1983,1.4892074728856357
University of Wisconsin - Milwaukee,Wisconsin,2949,1.4889576869331582
University of Bath,United Kingdom,1064,1.4877832591568012
Seton Hall University,New Jersey,1427,1.4663842829594385
University of Wolverhampton,United Kingdom,551,1.444608466110176
Virginia Polytechnic Institute and State University (Virginia Tech),Virginia,2181,1.4217275652751131
San Francisco State University,California,1955,1.41998556403384
Freie Universität Berlin,Germany,2344,1.4113718681129037
University of Mississippi,Mississippi,871,1.396246522141714
University of Wisconsin - Stout,Wisconsin,1393,1.3891198803663727
Webster University North Florida,Florida,1918,1.3854309456473621
Fordham University,New York,840,1.3837564374314104
Georgia State University,Georgia,4091,1.383380982089031
"Concordia College, St. Paul",Minnesota,585,1.3494432871922553
University of York,United Kingdom,2028,1.3492889384787141
Northcentral University,Arizona,419,1.347399468595121
State University of New York at Albany,New York,3499,1.3451709362330957
"University of California, Riverside",California,3275,1.3128575939129385
City University,United Kingdom,1001,1.3103497720158022
Indiana State University,Indiana,923,1.3060799604725906
University of Salford,United Kingdom,1045,1.2834733176472048
University of South Dakota,South Dakota,314,1.2762091503267972
Iowa State University of Science and Technology,Iowa,3380,1.2669842942289087
Aarhus University,Denmark,3164,1.2637467287811721
Eastern Kentucky University,Kentucky,1923,1.231672786304538
New Jersey Institute of Technology,New Jersey,2248,1.2253402514337566
University of Vermont,Vermont,1145,1.2108798103982126
University of Sussex,United Kingdom,2016,1.2093120933494252
"Swiss Federal Institute of Technology, Zurich",Switzerland,2992,1.2009761920674702
University of Victoria,Canada,1190,1.2003499696807225
St. Louis University,Missouri,1905,1.1968191285524226
Royal Melbourne Institute of Technology,Australia,1902,1.1951040169925427
San Jose State University,California,2846,1.1865551646976193
National University,California,2353,1.1822648759026118
Baylor University,Texas,2449,1.1770063462766784
The New School,New York,1611,1.151449883027139
Texas Tech University,Texas,3286,1.1511258741534929
University of Louisville,Kentucky,2995,1.1397240376103182
University College Dublin,Ireland,1442,1.1336832221928295
University of Alabama - Birmingham,Alabama,3824,1.1256950586967645
University of North Carolina at Greensboro,North Carolina,2437,1.1223055970905336
Villanova University,Pennsylvania,1906,1.121431850506575
University of Wisconsin - La Crosse,Wisconsin,271,1.1182938106169216
Strayer University,District of Columbia,1667,1.1177084640868715
Salve Regina University,Rhode Island,608,1.1084096793895846
"King's College London, University of London",United Kingdom,2697,1.107781524839
Claremont Graduate University,California,1728,1.060417820775379
Concordia University,Canada,2008,1.0595003901832079
Utah State University,Utah,1976,1.0472015951740778
University of Alabama - Tuscaloosa,Alabama,2472,1.0318321278130351
Northern Illinois University,Illinois,2690,1.021032188473422
The Catholic University of America,District of Columbia,831,1.0171398421770306
Oklahoma State University,Oklahoma,2659,1.0029064078749288
University of San Francisco,California,2568,1.0021022859343158
Massey University,New Zealand,1789,0.9922165563452104
University of Illinois,Illinois,1194,0.9817200221081216
Montana State University,Montana,2022,0.972859020599422
University of Durham,United Kingdom,1585,0.9644382330329213
Pace University,New York,1528,0.9584930981846407
University of Illinois at Springfield,Illinois,676,0.9441538813210641
University of Canterbury,New Zealand,1616,0.9326485089605673
York University,Canada,2812,0.9293359908397749
Southern Illinois University at Carbondale,Illinois,2690,0.9287164903072304
University of Arkansas at Fayetteville,Arkansas,2938,0.9266481990724093
University of North Carolina at Charlotte,North Carolina,2947,0.9240799447048657
University of Wyoming,Wyoming,2335,0.917395808826842
Brigham Young University,Utah,2407,0.903813763243624
"University of Wales, Bangor",United Kingdom,1700,0.9010342568414365
Indiana University of Pennsylvania,Pennsylvania,1461,0.9010261357035805
Antioch New England Graduate School,New Hampshire,432,0.8829544726920454
Faulkner University,Alabama,801,0.878189484728394
University of Oklahoma,Oklahoma,2247,0.8769861109315026
Lehigh Univervsity,Pennsylvania,1611,0.8675852426137519
"Birkbeck College, University of London",United Kingdom,1953,0.8672839174011543
"University of California, San Francisco",California,1668,0.8671526822084121
University of Akron,Ohio,2545,0.8608535803137565
Adelphi University,New York,1594,0.8588474121997469
Australian National University,Australia,1823,0.8558255668551394
University of Central Lancashire,United Kingdom,886,0.8472968303367898
Creighton University,Nebraska,433,0.8448175188704665
Cardiff University,United Kingdom,1675,0.8437166108471112
Lewis University,Illinois,1491,0.8406156548721834
"University of California, San Diego",California,1133,0.8390938117196961
University College Cork,Ireland,2459,0.8303338538317725
Tufts University,Massachusetts,1972,0.8220386660451746
East Carolina University,North Carolina,2040,0.8155490913281687
Dartmouth College,New Hampshire,1562,0.81185380515678
Carleton University,Canada,2065,0.7967221044977332
Universidad Politécnica de Cataluna,Spain,1967,0.792654196498051
University of Missouri - Saint Louis,Missouri,1414,0.7818738726385202
Sheffield Hallam University,United Kingdom,707,0.7799299910566588
Baker College of Auburn Hills,Michigan,1689,0.7648069272531676
Macquarie University,Australia,1384,0.7483905484508083
Plymouth State College,New Hampshire,737,0.7458591022357329
University of Stirling,United Kingdom,1327,0.7457608463510511
Academy of Art College,California,654,0.7385245497143841
University of Otago,New Zealand,2189,0.7370816139655283
University of Waterloo,Canada,1619,0.7227334491408794
American InterContinental University - London,United Kingdom,1382,0.7139075505952672
University of New Orleans,Louisiana,988,0.7119164746296245
Simmons College,Massachusetts,673,0.7040349665647172
Bowling Green State University,Ohio,1261,0.6975840304909865
Lund University,Sweden,2519,0.6969227339563256
"California State University, Fullerton",California,1572,0.6896337767670706
Southern Cross University,Australia,427,0.6892680223637189
"California State University, Los Angeles",California,1257,0.6886069182998957
University of Oslo,Norway,1897,0.6882636147658618
West Virginia University,West Virginia,1666,0.6871604871554444
Western Michigan University,Michigan,1478,0.6780054514695742
State University of New York at Binghamton,New York,1758,0.6686600727923634
University of Greenwich,United Kingdom,718,0.6626330249666965
University of West Florida,Florida,1434,0.6570163079775657
Marist College,New York,1023,0.6457924031519356
Appalachian State University,North Carolina,1337,0.6453762148972906
University of Nebraska Medical Center,Nebraska,544,0.6441723291589938
Towson University,Maryland,572,0.6438576352817681
California Polytechnic State University - San Luis Obispo,California,1426,0.6419885499696628
Wilkes University,Pennsylvania,975,0.6380287737761685
Sam Houston State University,Texas,1349,0.6358682180220763
Brandman University,California,747,0.6346849072292426
"School of Oriental and African Studies, University of London",United Kingdom,1063,0.6338398332112811
"University of Dublin, Trinity College",Ireland,1542,0.6298198823531378
University of Texas at El Paso,Texas,2479,0.6295529147194505
Southern Illinois University at Edwardsville,Illinois,1360,0.6216282816760473
Wake Forest University,North Carolina,928,0.6190070162390866
Savannah College of Art and Design,Georgia,520,0.6149437949862484
University of Leeds,United Kingdom,1784,0.6149242907261625
St. Joseph's University,Pennsylvania,584,0.6147514603932132
Southern Methodist University,Texas,1912,0.6102495020482659
University of Newcastle,Australia,1535,0.6062221290906251
University of Queensland,Australia,2028,0.6042888886232088
Grantham University,Kansas,682,0.6024122512263199
National-Louis University,Illinois,1102,0.5989670176466687
Brunel University Uxbridge,United Kingdom,1493,0.5979802461635667
Brescia College,Canada,1849,0.597697252209694
Southwestern Assemblies of God University,Texas,1009,0.5960934322870385
Dallas Baptist University,Texas,1278,0.5915670837387489
"California State University, Sacramento",California,1649,0.5914969350263839
University of Mississippi Medical Center,Mississippi,555,0.5895776629525012
"Concordia University, Portland",Oregon,837,0.587488694862964
Universidad Carlos III de Madrid,Spain,1559,0.583582818142623
Columbia Southern University,Alabama,51,0.5833333333333334
University of Lincoln,United Kingdom,825,0.5801524692505582
Howard University,District of Columbia,412,0.5741358270779265
University of Northern Iowa,Iowa,863,0.5732604545376208
La Trobe University,Australia,1646,0.5718716143615662
Atlantic International University,Hawaii,449,0.5710156521775792
Hofstra University,New York,392,0.5681272397610947
University of Newcastle-upon-Tyne,United Kingdom,1596,0.5677037783810577
James Madison University,Virginia,1439,0.5667739418035068
"City University of New York, Hunter College",New York,820,0.5640744982618303
Eastern Michigan University,Michigan,1077,0.5572683343308035
Cleveland State University,Ohio,1171,0.5551655803309363
Norfolk State University,Virginia,294,0.5548202427779892
University of Hertfordshire,United Kingdom,801,0.5533449433306425
University of Nebraska - Omaha,Nebraska,1659,0.5511267148119522
University of Bridgeport,Connecticut,1094,0.5492739472900676
Southern Utah University,Utah,1480,0.5480388943642622
"Goldsmiths College, University of London",United Kingdom,975,0.5478296864152666
The Master's College,California,412,0.5429393344646142
Stephen F. Austin State University,Texas,1345,0.5330382374544174
University of Memphis,Tennessee,1263,0.5316191399820472
University of Calgary,Canada,1210,0.5313184784727846
University of Bedfordshire,United Kingdom,605,0.5276618312908635
"Swiss Federal Institute of Technology, Lausanne",Switzerland,916,0.5272138010279658
Pepperdine University,California,1430,0.526399774495388
Emporia State University,Kansas,673,0.5247281149989101
University of Groningen,Netherlands,2615,0.5240167713159201
University of Limerick,Ireland,1030,0.5170214903079491
St. John's University,New York,1811,0.5167644967148014
Antioch University,Ohio,353,0.5161369908796756
Hampton University,Virginia,574,0.5127178658084923
New Mexico State University,New Mexico,1624,0.5124729437712828
Middle Tennessee State University,Tennessee,1340,0.5115580097916663
Morehouse School of Medicine,Georgia,90,0.5113636363636364
University of Amsterdam,Netherlands,1628,0.49925017931001314
Texas Woman's University,Texas,1872,0.49884434371176267
Seattle Pacific University,Washington,384,0.497561655110069
Ruprecht-Karls-Universität Heidelberg,Germany,821,0.4951382135017696
Queen's University,Canada,1608,0.49138033772575623
University of Maine (System),Maine,1216,0.491338929386098
University of Alaska - Fairbanks,Alaska,663,0.4783359460818032
University of Manitoba,Canada,1337,0.47665320955133517
Stockholm University,Sweden,1041,0.47643794006990614
Kingston University,United Kingdom,914,0.47083785741559364
University of New South Wales,Australia,1513,0.4673303196261095
London Metropolitan University,United Kingdom,369,0.46581231343032103
Merrimack College,Massachusetts,1397,0.4654666877190217
Gonzaga University,Washington,1407,0.4643174360152573
University of Southern Maine,Maine,1064,0.4634592522034127
Mississippi State University,Mississippi,1081,0.4592465473419499
Queensland University of Technology,Australia,1179,0.45879116536320314
Champlain College,Vermont,1166,0.4587003548822132
Indiana Wesleyan University,Indiana,1509,0.4562079156333113
Trident University,California,859,0.455393233737842
Charles Sturt University,Australia,780,0.45517354456027176
University of Louisiana at Lafayette,Louisiana,1295,0.4550750704747496
Oakland University,Michigan,1369,0.45484040791361174
Rensselaer Polytechnic Institute,New York,642,0.4536755850930575
Angelo State University,Texas,1257,0.44929330527878053
Morgan State University,Maryland,713,0.4474936109236438
Monash University,Australia,1301,0.4453903452039278
Keele University,United Kingdom,703,0.4439036298655027
University of Rhode Island,Rhode Island,1321,0.443055269545462
Rush University,Illinois,409,0.4426829416539151
University of Nebraska (System),Nebraska,643,0.4407197158136597
Oxford Brookes University,United Kingdom,271,0.43565519190132196
St. Mary's University of Minnesota,Minnesota,1030,0.4354744056766735
University of Essex,United Kingdom,1325,0.4336257270764997
Eastern Virginia Medical School,Virginia,149,0.43041578576462297
State University of New York at Oswego,New York,684,0.43013768559849835
University of East Anglia,United Kingdom,1092,0.42935176433374145
Christian Brothers University,Tennessee,237,0.42846525123344326
Rheinische Friedrich-Wilhelms Universität Bonn,Germany,827,0.42195987009072305
University of Alberta,Canada,521,0.4217392820429705
Texas Tech University Health Science Center,Texas,440,0.4203012854973639
Western Kentucky University,Kentucky,1150,0.4165666982305617
Chapman University,California,1563,0.41507140949010285
Copenhagen University,Denmark,1409,0.4137411989523222
Assumption College,Massachusetts,776,0.4127068140065925
Birmingham City University,United Kingdom,1153,0.41258516312508065
University of Huddersfield,United Kingdom,726,0.4124753063297597
Loma Linda University,California,920,0.41244053214592513
University of New England,Maine,482,0.4037931754236102
Azusa Pacific University,California,1654,0.40113230478560474
Flinders University of South Australia,Australia,932,0.4004646774395788
Simon Fraser University,Canada,1146,0.39763659889233105
"City University of New York, City College",New York,610,0.39751830848458397
University of Houston - Clear Lake,Texas,1659,0.39469915399400063
Universität Hamburg,Germany,829,0.39294141983764896
University of Guelph,Canada,1040,0.39148219768873443
Universidade de Coimbra,Portugal,762,0.39034246725131955
University of Mary,North Dakota,1202,0.39028380374345917
Post University of Waterbury,Connecticut,360,0.39022436173919767
University of Nairobi,Kenya,1244,0.3886693595329337
New York Chiropractic College,New York,58,0.3879432624113475
Central Michigan University,Michigan,1162,0.38791078835705506
Georgia Southern University,Georgia,987,0.3840057656062953
Barry University,Florida,922,0.3811457466319388
"California State University, San Marcos",California,830,0.38064070057556376
The Robert Gordon University,United Kingdom,698,0.3800249796157713
Fayetteville State University,North Carolina,90,0.3793248945147679
Messiah College,Pennsylvania,1072,0.37825827752215824
Utrecht University,Netherlands,1463,0.3775401503986956
Canterbury Christ Church University,United Kingdom,850,0.37610528322362835
Curtin University of Technology,Australia,847,0.3728799519227907
"University of Maine, Orono",Maine,905,0.3713906216475603
State University of New York College of Environmental Science and Forestry,New York,483,0.37126038175246806
University of Houston - Downtown,Texas,1181,0.37060755876529944
Clark University,Massachusetts,1024,0.366414351026834
Berklee College of Music,Massachusetts,192,0.36525634644101546
Umea University,Sweden,625,0.3648700329568902
University of South Australia,Australia,1043,0.3628892292265985
Universidad Autónoma de Madrid,Spain,866,0.35981692574488755
Northern Michigan University,Michigan,377,0.35733583818883274
University of Alaska (System),Alaska,941,0.3572196373858981
Universidade do Porto,Portugal,687,0.35294893913247205
Weber State University,Utah,917,0.35267308764663424
University of Adelaide,Australia,1182,0.35078151963190846
Ryerson Polytechnic University,Canada,656,0.3505091157938141
Indiana University-Purdue University at Fort Wayne,Indiana,861,0.3482892945682409
Naropa University,Colorado,233,0.34825184377210344
"California State University, San Bernadino",California,959,0.34663523877042157
University of Central Missouri,Missouri,736,0.3459369547953795
Bethel College St. Paul,Minnesota,402,0.345584714941255
Humboldt Universität Berlin,Germany,1240,0.34410233852382816
University of Massachusetts at Dartmouth,Massachusetts,1062,0.34240842234423835
University of Central Arkansas,Arkansas,1422,0.34006122556447144
University of Strathclyde,United Kingdom,1239,0.3371734290468633
University of the Sunshine Coast,Australia,573,0.3364339279306072
University of Aberdeen,United Kingdom,1308,0.33606893624791606
Free University Amsterdam,Netherlands,1533,0.3356682857450699
The Manchester Metropolitan University,United Kingdom,770,0.33521703373263967
Samford University,Alabama,609,0.3321161824338128
University of San Diego,California,900,0.3320036932549318
Campion College,Canada,817,0.3314290661398265
University of Ottawa,Canada,948,0.32991243075992455
University of Louisiana at Monroe,Louisiana,356,0.3296510741632693
University of Chester,United Kingdom,773,0.3273747912652635
State University of New York College at Plattsburgh,New York,260,0.3259282188859654
Oregon Health Sciences University,Oregon,1462,0.3220700893987177
University of Fribourg,Switzerland,1005,0.32039977109842
University of Texas Medical Branch Galveston,Texas,471,0.3200953751865606
University of Tampere,Finland,1222,0.31844485184121873
Coventry University,United Kingdom,708,0.31796517328774276
Keller Graduate School of Management,Illinois,212,0.3172172272172272
Lamar University,Texas,936,0.3164816543745367
Marshall University,West Virginia,697,0.3135144029562366
Fort Hays State University,Kansas,797,0.313475296958976
University of Western Australia,Australia,1525,0.3123660351365549
Duquesne University,Pennsylvania,809,0.31037727047358393
Edith Cowan University,Australia,803,0.3099207507305565
University of Canberra,Australia,173,0.30917293233082704
Universidad Politécnica de Valencia,Spain,471,0.3077677323429408
University of Trento,Italy,826,0.3050234909697983
New England Institute of Technology,Rhode Island,875,0.3044429877772153
Washburn University,Kansas,824,0.2996518305299501
Arcadia University,Pennsylvania,274,0.2993428140486964
East Tennessee State University,Tennessee,622,0.2990929522590249
Norwich University,Vermont,274,0.2959100528039673
Jackson State University,Mississippi,998,0.29429570642114145
Auckland University of Technology,New Zealand,1135,0.29398070566480305
Universidad de Valencia,Spain,941,0.2933977165893482
McNeese State University,Louisiana,803,0.29165295877072306
Troy University,Alabama,604,0.28981324278438036
University of North Florida,Florida,1604,0.28949738533005387
University of Technology Sydney,Australia,606,0.2883138373282993
"California State University, Dominguez Hills",California,823,0.2872431493936261
Dublin City University,Ireland,504,0.2863173756002848
Hawaii Pacific University,Hawaii,471,0.2824414930355336
Oregon Institute of Technology,Oregon,752,0.28195724606286476
University of Southern Queensland,Australia,1151,0.2812509888209882
Johnson & Wales University,Rhode Island,231,0.28109122584732343
Notre Dame de Namur University,California,915,0.28089880041196114
Mount Saint Vincent University,Canada,445,0.28059879472589605
State University of New York Empire State College,New York,454,0.28050860401683797
Fielding Institute,California,108,0.27668698714070766
National University of Singapore,Singapore,836,0.2763209658091516
Northeastern State University,Oklahoma,467,0.27605342216691314
Widener University,Pennsylvania,631,0.2756995452765638
Wheelock College,Massachusetts,321,0.2755107406637093
Göteborg University,Sweden,686,0.27542777474553354
Bournemouth University,United Kingdom,545,0.27473590096851785
Eastern New Mexico University,New Mexico,599,0.2745536629293291
University of Teesside,United Kingdom,618,0.27072115095959975
Tennessee Technological University,Tennessee,624,0.2697977145797723
Columbia College of Missouri,Missouri,555,0.2697359662760223
University of Texas of the Permian Basin,Texas,779,0.2685503204644272
Armstrong Atlantic State University,Georgia,526,0.26621124688246584
Medical University of South Carolina,South Carolina,286,0.26491549773501544
University of Maryland Eastern Shore,Maryland,385,0.26388151417034034
Santa Clara University,California,369,0.2628611394388439
Louisiana Tech University,Louisiana,990,0.2609152421773006
Uppsala University,Sweden,1221,0.2603096648464339
Western Illinois University,Illinois,1108,0.25823773058831334
Eastern Washington University,Washington,640,0.2559088488774875
University of Wisconsin - Stevens Point,Wisconsin,354,0.25478460406853065
"University of Roma ""La Sapienza""",Italy,492,0.2547482636942
University of Helsinki,Finland,921,0.25392439806137984
"University of California, Merced",California,526,0.24994534380084252
University of Bergen,Norway,978,0.2499365975483942
University of Montana,Montana,898,0.24682113828915525
University of Witwatersrand,South Africa,796,0.24662995860330134
University of Cape Town,South Africa,787,0.24497844266531757
Lincoln Memorial University,Tennessee,226,0.2433775696070778
University of East London,United Kingdom,589,0.2431748311325776
University of Arkansas for Medical Sciences,Arkansas,454,0.24018576755792792
School for International Training,Vermont,519,0.2382183310908663
Colorado Christian University,Colorado,448,0.23809506637558808
Ohio University,Ohio,393,0.23716905454098217
Roger Williams University,Rhode Island,721,0.23673945938842572
Philadelphia University,Pennsylvania,495,0.23671384721555883
Sullivan College,Kentucky,783,0.23183153512218738
Ludwig-Maximilians-Universität München,Germany,1039,0.23131996405632754
Central Washington University,Washington,833,0.23068913249045658
Egerton University,Kenya,548,0.22841125665388173
Delft University of Technology,Netherlands,838,0.22807732431859407
Pratt Institute,New York,445,0.22638823243661954
Deakin University,Australia,650,0.22627404586111177
University for Peace,Costa Rica,18,0.225
The Chicago School of Professional Psychology,Illinois,18,0.225
Evergreen State College,Washington,167,0.22469512195121952
Eastern Illinois University,Illinois,590,0.22304256231765074
University of Baltimore,Maryland,981,0.2230204880043031
Université de Montréal,Canada,541,0.22102850785513342
Montana Tech,Montana,445,0.2199641497127181
Roehampton University of Surrey,United Kingdom,644,0.21963923546519767
Chadron State College,Nebraska,680,0.21892979928226497
Clarkson University,New York,631,0.21698416634414058
Bryant and Stratton College,Ohio,753,0.21677907743532526
Nazareth College,New York,739,0.2167493937422288
New England School of Art and Design,Massachusetts,518,0.21638090654381698
Seattle University,Washington,869,0.21413306470737994
West Texas A&M University,Texas,752,0.2136734418849213
Wesleyan University,Connecticut,255,0.21319618368619067
University of Texas Health Science Center at San Antonio,Texas,853,0.21318833789823505
University of Hull,United Kingdom,458,0.21249114637617755
Metropolitan State University of Denver,Colorado,678,0.2109658090097669
Dalhousie University,Canada,714,0.21088843739546642
Pacifica Graduate Institute,California,115,0.21019460415745245
Indiana University at Kokomo,Indiana,318,0.20977739609318558
University of Alabama - Huntsville,Alabama,508,0.2088877838748679
University of Arkansas at Little Rock,Arkansas,597,0.20830927968036556
Florida Agricultural and Mechanical University,Florida,789,0.20730327930377374
University of Pretoria,South Africa,891,0.2072832871135159
Bentley College,Massachusetts,262,0.2066995664182365
"City University of New York, College of Staten Island",New York,258,0.20584322993987703
Alvernia College,Pennsylvania,789,0.20528242048209397
University of Waikato,New Zealand,525,0.2047418915996802
Hodges University,Florida,684,0.20305749972180964
University of Westminster,United Kingdom,648,0.2026635877884226
University of Stellenbosch,South Africa,568,0.20208664976258214
Adler School of Professional Psychology,Illinois,383,0.20073513514468533
University of Insubria,Italy,5,0.2
John Wesley College,North Carolina,5,0.2
Carlow Institute of Technology,Ireland,593,0.19987859192596677
Sacred Heart University,Connecticut,900,0.19676988238311377
Universität Kaiserslautern,Germany,398,0.19505947993245726
McMaster University,Canada,867,0.19332468285501045
Rollins College,Florida,488,0.1927069974294498
Hong Kong Polytechnic University,Hong Kong,560,0.19266464343294373
George Fox University,Oregon,759,0.1899436357402016
Liverpool Hope University College,United Kingdom,326,0.18976061427280938
Indiana University at South Bend,Indiana,398,0.1892196964390289
College of William and Mary,Virginia,714,0.1886105777256106
Dublin Institute of Technology,Ireland,590,0.18794231187740312
Marylhurst University,Oregon,516,0.1877428966167922
Estonian Business School,Estonia,100,0.18722943722943725
Kentucky State University,Kentucky,55,0.18707482993197277
University of Advancing Technology (UAT),Arizona,275,0.18676861274279988
"City University of New York, York College",New York,111,0.1856060606060606
University of the Pacific,California,883,0.1853067288635654
Stonehill College,Massachusetts,470,0.18488424356886032
Heriot-Watt University,United Kingdom,548,0.1838554939549762
Bloomsburg University of Pennsylvania,Pennsylvania,210,0.18334241400602955
Eindhoven University of Technology,Netherlands,654,0.18278917624060984
New York Medical College,New York,335,0.18273077562519555
University of Indianapolis,Indiana,769,0.18105913466122303
Linköping University,Sweden,481,0.1792696217162438
University of Windsor,Canada,601,0.17921279895876144
University of Twente,Netherlands,744,0.17847172125636476
University of Bologna,Italy,645,0.17744075389522493
University of the District of Columbia,District of Columbia,462,0.1772540366501393
Independence University,Utah,429,0.17650656073554985
University of Hong Kong,Hong Kong,631,0.17635413155109678
Bryn Mawr College,Pennsylvania,242,0.1760244576428482
Johann Wolfgang Goethe Universität Frankfurt am Main,Germany,1008,0.17580784275416053
Mount Mercy College,Iowa,652,0.1758032001932491
Arkansas State University,Arkansas,756,0.1749041627592164
Missouri University of Science and Technology,Missouri,688,0.17418061603310375
King College,Tennessee,397,0.173634692583751
Mount Ida College,Massachusetts,143,0.17338464005130672
Richard Stockton College of New Jersey,New Jersey,556,0.17336580068522145
Goddard College,Vermont,67,0.17335164835164835
Hartford College for Women,Connecticut,505,0.1728879514398613
Jomo Kenyatta University of Agriculture and Technology,Kenya,448,0.17142169893004156
Peking University,China,541,0.17139023666414954
Colorado School of Mines,Colorado,485,0.17134846099171813
Austin Peay State University,Tennessee,638,0.17113612453279348
Shawnee State University,Ohio,483,0.16868435705713422
Athabasca University,Canada,631,0.16855807497977426
Miami Dade College,Florida,577,0.1682692175541869
Tarleton State University,Texas,481,0.16789423557104874
Augsburg College,Minnesota,463,0.16725019437563993
Brescia University,Kentucky,175,0.16688460281137624
Clayton College & State University,Georgia,6,0.16666666666666666
University of Southern Indiana,Indiana,792,0.16615207244254357
Southeastern Louisiana University,Louisiana,558,0.16599601096503264
University of Latvia,Latvia,403,0.1653878839632923
Doane College,Nebraska,269,0.16512331069666372
The Cooper Union for the Advancement of Science and Art,New York,187,0.16465501792114695
Mayo Graduate School,Minnesota,219,0.16373337623337625
University of Sunderland,United Kingdom,226,0.1628392576675469
Chatham College,Pennsylvania,655,0.1624428936356953
Middlesex University,United Kingdom,436,0.16172203553909342
Humboldt State University,California,543,0.16125525818304276
Erasmus University Rotterdam,Netherlands,346,0.16079785014880474
Wilfrid Laurier University,Canada,428,0.15994496876484454
University of Bolton,United Kingdom,279,0.15979654564653215
Technical University of Denmark,Denmark,367,0.1596413149704911
University of Tasmania,Australia,276,0.15958113746157226
Pacific University,Oregon,520,0.15918296713942856
Missouri Baptist College,Missouri,389,0.15909427927898134
Tampere University of Technology,Finland,305,0.15879350175124823
"Davenport College of Business, Grand Rapids",Michigan,453,0.15827322319257803
Monmouth University,New Jersey,753,0.15818310527559518
University of Verona,Italy,360,0.15686794583759558
Rheinisch Westfälische Technische Hochschule Aachen,Germany,800,0.15540903844714693
University of Northampton,United Kingdom,381,0.1553253990585968
University of Prince Edward Island,Canada,589,0.15528736268674034
Lawrence Technological University,Michigan,694,0.15527054332536455
Canisius College,New York,320,0.15524877316405247
Chicago State University,Illinois,473,0.15513427572357782
Virginia College,Alabama,26,0.15476190476190477
University of New Haven,Connecticut,171,0.15438832497656027
Winthrop University,South Carolina,236,0.15429398280655732
British University in Dubai,United Arab Emirates,95,0.1542207792207792
Shoreline Community College,Washington,325,0.15263154906990525
Universität Regensburg,Germany,435,0.15247306219648996
South Dakota School of Mines and Technology,South Dakota,393,0.15205784652472493
Southwestern Baptist Theological Seminary,Texas,366,0.15138657653767393
Southeast Missouri State University,Missouri,551,0.15136283497664355
Georg-August Universität Göttingen,Germany,717,0.15102410668460348
University of New England,Australia,608,0.15078577079804034
Kennesaw State University,Georgia,708,0.15014189800988617
Youngstown State University,Ohio,413,0.14941804911007
Charles University Prague,Czech Republic,380,0.1491239434704809
Northeastern Illinois University,Illinois,730,0.14907462403111515
Rocky Mountain College of Art and Design,Colorado,122,0.14732905982905983
Louisiana State University at Alexandria,Louisiana,202,0.14666688296940397
Bircham International University,Spain,574,0.14604706926626948
Texas A&M University - Corpus Christi,Texas,400,0.14602541014024545
Andrews University,Michigan,237,0.14549521431543902
Mercer University,Georgia,518,0.14536662100309306
Hamline University,Minnesota,350,0.1442730527587657
"European University, Athens Campus",Greece,366,0.14377612655516134
Black Hills State University,South Dakota,173,0.14361157143613842
Wuhan University,China,192,0.14349724349724352
Royal lnstitute of Technology,Sweden,519,0.14343433385219612
IE University,Spain,300,0.14336163572017618
St. Thomas University,Florida,7,0.14285714285714285
California Coast University,California,96,0.14260912698412698
Grand Valley State University,Michigan,354,0.1423905253089736
Roosevelt University,Illinois,423,0.1419831086831195
Stratford University,Virginia,171,0.14136904761904762
Southern Oregon University,Oregon,526,0.14063409974569724
California Institute of Integral Studies,California,544,0.1405306253361979
Western Washington University,Washington,521,0.13999976672669076
Aston University,United Kingdom,392,0.1392576283365757
"The Maryland Institute, College of Art",Maryland,79,0.13908450704225353
University of Findlay,Ohio,599,0.1388128202908871
Radboud University of Nijmegen,Netherlands,376,0.13865792067011581
Polytechnic Institute of Milan,Italy,186,0.1378541160053765
Crown College,Minnesota,451,0.13764505137455957
University of Oklahoma Health Sciences Center,Oklahoma,318,0.13623041496604715
St. Leo College,Florida,426,0.13550043111450968
Zhejiang University,China,147,0.13536833536833537
John Cabot University,Italy,178,0.13478057889822595
University of Venice,Italy,536,0.13451519479500257
Tallinn University of Technology,Estonia,236,0.13393672537508156
Central Connecticut State University,Connecticut,451,0.13392522368132123
Hong Kong University of Science and Technology,Hong Kong,651,0.1336067104729969
Australian Catholic University,Australia,189,0.13359938120495035
Argosy University,California,215,0.13343068696009874
Bond University,Australia,310,0.13084103162712057
Wentworth Institute of Technology,Massachusetts,244,0.1307444280290135
Rowan University,New Jersey,525,0.13071853183042323
University of Lethbridge,Canada,159,0.12974867106470658
South Dakota State University,South Dakota,533,0.12955830654223713
St. Mary's University of San Antonio,Texas,558,0.1292175393520446
Wayland Baptist University,Texas,439,0.12919735214250513
Marymount University,Virginia,135,0.1286043112897333
Friends University,Kansas,679,0.12857674633387445
D'Youville College,New York,456,0.1272530657200858
Stetson University,Florida,387,0.12710213498256975
Singapore Management University,Singapore,537,0.12662620990177129
"University of Toronto, Mississauga",Canada,595,0.12643208585085702
California College San Diego,California,204,0.1263902321083172
Smith College,Massachusetts,420,0.1263861686429487
Universidade Nova de Lisboa,Portugal,247,0.12580291262564117
Mills College,California,413,0.1256108158559148
"California State University, Stanislaus",California,352,0.12557987023043105
"University of St. Thomas, St. Paul",Minnesota,544,0.12556569759492528
Tiffin University,Ohio,207,0.12491875921425824
Rhode Island School of Design,Rhode Island,124,0.12472314507198226
Dominican College of San Rafael,California,139,0.12401960784313724
University of Lancaster,United Kingdom,465,0.12395427830674946
Nottingham Trent University,United Kingdom,262,0.12235950176059071
Elon College,North Carolina,235,0.12213901689708141
Hiram College,Ohio,156,0.12186517246543203
Dixie College,Utah,320,0.1217060631591906
Mykolo Romerio university,Lithuania,83,0.12142857142857143
Mount Kenya University,Kenya,311,0.12115852477187768
Bauhaus Universität Weimar,Germany,470,0.1207615344677983
Nanyang Technological University,Singapore,467,0.12072306018954446
Universität Konstanz,Germany,419,0.12071318114809329
University of the Philippines Diliman,Philippines,686,0.12036419641610621
Bluefield College,Virginia,271,0.11981904138932839
Yeshiva University,New York,342,0.11973252907811639
John Carroll University,Ohio,239,0.11964638171534724
Rhode Island College,Rhode Island,564,0.11916903766770773
Medaille College,New York,370,0.11855010499933939
Buckinghamshire New University,United Kingdom,149,0.11598459012252116
Spalding University,Kentucky,287,0.11591607565011822
Loyola College in Maryland,Maryland,598,0.11515286437999461
College of Charleston,South Carolina,298,0.11337146687878855
Tongji University,China,441,0.1127097063313609
Universität des Saarlandes,Germany,230,0.11194209686725724
Bahria University,Pakistan,293,0.11182752341458631
Tennessee State University,Tennessee,599,0.11175558083665935
University of Tennessee - Chattanooga,Tennessee,618,0.11128036044528378
Guilford College,North Carolina,9,0.1111111111111111
MCI-Management Center Innsbruck,Austria,481,0.11088818665178399
Schiller International University,Florida,245,0.11065449896108265
Université Panthéon-Sorbonne (Paris I),France,164,0.10925081813931745
Our Lady of the Lake University,Texas,250,0.10921894132474755
University of Dallas,Texas,243,0.10869357452525728
Keck Graduate Institute of Applied Life Sciences,California,83,0.10855683269476372
La Sierra University,California,283,0.10772475307359028
Eastern College,Pennsylvania,289,0.10759549233822868
Southern University - Baton Rouge,Louisiana,257,0.10716876899149752
Western Carolina University,North Carolina,509,0.106717846466207
Sauder School of Business,Canada,102,0.10647666597323348
Drake University,Iowa,368,0.1061500630681698
Louisiana State University Health Sciences Center New Orleans,Louisiana,152,0.10608638207817414
Midwestern State University,Texas,638,0.10559155665162889
Université de Cergy-Pontoise,France,393,0.10528095877849573
University of Padua,Italy,359,0.10516438215287022
James Cook University of North Queensland,Australia,489,0.10509762170564309
Lake Superior State University,Michigan,508,0.10494404580395823
University of Dayton,Ohio,273,0.10482676352241568
California Baptist College,California,477,0.10449105919042277
Elmhurst College,Illinois,486,0.10442940091934753
Royal Roads University,Canada,130,0.10435729847494553
Regis College,Massachusetts,39,0.10427807486631016
University of Plymouth,United Kingdom,395,0.1039243001099232
Cork Institute of Technology,Ireland,397,0.10370363415039119
Sonoma State University,California,489,0.10288570670642436
State University of New York College at Fredonia,New York,321,0.10233289600852655
Idaho State University,Idaho,380,0.10231353376445716
Belhaven College,Mississippi,307,0.10206014223871367
Technische Universität Graz,Austria,484,0.10136846047870056
Manhattan School of Music,New York,351,0.10084184769804845
City University,Washington,243,0.10053314065907545
University of the Incarnate World,Texas,437,0.10036143829339571
Universidad Politécnica de Madrid,Spain,301,0.10028464226875793
Beth-El College of Nursing and Health Sciences,Colorado,648,0.10016389997719394
Lincoln University Missouri,Missouri,10,0.1
"City University of New York, Brooklyn College",New York,168,0.09950990927211202
United Nations University,Japan,283,0.0980073725763381
Cardinal Stritch University,Wisconsin,164,0.09767732739939206
Copenhagen Business School,Denmark,264,0.09647952971382513
Fairfield University,Connecticut,192,0.09641136376990422
Kwame Nkrumah University of Science and Technology,Ghana,213,0.09559200157604412
"Fairleigh Dickinson University, Florham-Madison Campus",New Jersey,361,0.09494410602007966
Hampshire College,Massachusetts,45,0.09453781512605042
"Concordia University, Mequon",Wisconsin,179,0.0943949774547356
National University of Science and Technology,Pakistan,43,0.09429824561403508
"University of the West of England, Bristol",United Kingdom,431,0.09390217354367902
Southwestern College Santa Fe,New Mexico,444,0.0938567026427867
Monterey Institute of International Studies,California,279,0.09350757846998449
"Trinity International University (Excel), Miami",Florida,166,0.0931578947368421
Trent University,Canada,473,0.09284835629983075
Felician College,New Jersey,543,0.0926876287304595
University of Minnesota - Duluth,Minnesota,44,0.09263157894736843
The Queen's University Belfast,United Kingdom,468,0.09255910305606047
"University of Wales, Aberystwyth",United Kingdom,302,0.09240687381672036
University of Turin,Italy,424,0.09184008479783126
University of Montevallo,Alabama,411,0.09166090085917518
Chaminade University of Honolulu,Hawaii,347,0.09129689754689754
Galway Mayo Institute of Technology,Ireland,191,0.09129206650787751
Universidad de Murcia,Spain,11,0.09090909090909091
Acadia University,Canada,203,0.09054462694168577
University of Wollongong,Australia,311,0.09047643026433286
Mercyhurst College,Pennsylvania,182,0.09022538308252592
Touro College,New York,463,0.08957792708232686
College of Notre Dame of Maryland,Maryland,114,0.08895336342144852
Vermont Law School,Vermont,45,0.08893280632411067
University of Tromsø,Norway,310,0.08892713184696668
Kutztown University of Pennsylvania,Pennsylvania,420,0.08863208200221948
Valdosta State University,Georgia,572,0.08784240774921453
Bradley University,Illinois,122,0.08769841269841269
Pacific Oaks College,California,306,0.0870841192201498
Lipscomb University,Tennessee,326,0.0870638222112662
University of Pecs,Hungary,221,0.08691863691863691
St. Edwards University,Texas,578,0.08592802201636521
Benedictine University,Illinois,234,0.08528898535921008
Murdoch University,Australia,327,0.08516677593023025
"Indian Institute of Technology, Bombay",India,332,0.0843126702915904
Oral Roberts University,Oklahoma,121,0.0839451242120875
Universidad de Alicante,Spain,218,0.08361313500990497
Green Mountain College,Vermont,12,0.08333333333333333
Polytechnic Institute of Turin,Italy,339,0.08321900528892097
Oulu Polytechnic,Finland,110,0.08307724252491694
University of Wisconsin - Whitewater,Wisconsin,464,0.08285661226419005
Institute of Social Studies,Netherlands,213,0.08275728131396581
University of Alaska - Anchorage,Alaska,447,0.08256406197750703
London School of Business & Finance,United Kingdom,238,0.08251871833360767
University of Berne,Switzerland,308,0.08245221169334492
Lubbock Christian University,Texas,318,0.082411602157608
College of St. Catherine,Minnesota,225,0.08204140456956477
Holy Spirit University of Kaslik,Lebanon,138,0.08180957947176533
Montreat College,North Carolina,122,0.08179271708683473
University of Wisconsin - Oshkosh,Wisconsin,216,0.08148661969259975
New York Institute of Technology,New York,233,0.08143227300292188
Gannon University,Pennsylvania,464,0.08102056171359755
Adams State College,Colorado,116,0.08046584530145076
University of Nebraska - Kearney,Nebraska,124,0.08030197905309412
Universität Mannheim,Germany,351,0.07992571113259377
Valparaiso University,Indiana,348,0.07991483064049908
University of Tulsa,Oklahoma,349,0.07935783259118427
Carthage College,Wisconsin,187,0.0792250233426704
Fisk University,Tennessee,220,0.07879927090453406
The University of Nottingham Ningbo China,China,320,0.07857811621457741
Prescott College,Arizona,337,0.07851514655638367
Pittsburg State University,Kansas,214,0.07842257300744256
Palm Beach State College,Florida,475,0.07748416430647243
University of Texas Southwestern Medical Center at Dallas,Texas,493,0.07706664872123872
Portland Community College,Oregon,341,0.07702880408137158
Tallinn University,Estonia,362,0.07690952948035078
School of Education Pisa,Italy,243,0.07687095121877731
University of Sheffield,United Kingdom,246,0.07672900172900173
Golden Gate University,California,357,0.0765881588362635
Technische Universität Chemnitz,Germany,477,0.0764685885123565
Milwaukee School of Engineering,Wisconsin,491,0.07613089487867788
King Abdullah University of Science and Technology ,Saudi Arabia,228,0.07609485484845255
University of Wisconsin - Green Bay,Wisconsin,362,0.07581910203732238
Open University of Hong Kong,Hong Kong,53,0.0757142857142857
Hong Kong Baptist University,Hong Kong,222,0.07535375548221795
University of Winnipeg,Canada,344,0.0753335484843725
Ottawa University,Kansas,225,0.07467627090577911
New Mexico Highlands University,New Mexico,121,0.07445054945054945
"Indian Institute of Technology, Kanpur",India,234,0.07418979919468387
Loyola University of Chicago,Illinois,371,0.07388003982080638
University of Dundee,United Kingdom,241,0.07348484848484849
Texas Christian University,Texas,272,0.07332614949203883
Kenyatta University,Kenya,275,0.07308754432712389
"Royal College of Music, University of London",United Kingdom,497,0.07286810615481515
"International Islamic University, Islamabad",Pakistan,141,0.07272640791476408
National Hispanic University,California,124,0.07270636340403783
MGH Institute of Health Professions,Massachusetts,199,0.07254976064499874
The Juilliard School,New York,172,0.07212595370490107
Grenoble Ecole de Management,France,238,0.07183304505394943
University of Notre Dame Australia,Australia,368,0.0714528892160471
University of Genoa,Italy,14,0.07142857142857142
Molloy College,New York,388,0.07059240322837358
Park College,Missouri,65,0.07034632034632035
University of Southern Denmark,Denmark,263,0.06993581131512167
Manhattanville College,New York,129,0.0697926104902849
Indira Gandhi National Open University,India,259,0.069772579597141
Northwestern State University of Louisiana,Louisiana,131,0.06965741251455537
Universität Vienna,Austria,257,0.06935785495107528
College of Osteopathic Medicine of the Pacific (Western University of Health Sciences),California,81,0.06876061120543293
Prairie View Agricultural and Mechanical University,Texas,293,0.06859392946000806
Medical College of Wisconsin,Wisconsin,242,0.068408057179987
Hood College,Maryland,161,0.06800213675213675
University of Evansville,Indiana,151,0.06799924213717318
Universidad de Oviedo,Spain,144,0.06791121112929624
University of North Alabama,Alabama,239,0.06790489707912575
University of Ljubljana,Slovenia,162,0.0678987678987679
University of Cape Coast,Ghana,133,0.06767676767676768
Universität Passau,Germany,378,0.06742899996080391
Université de Liège,Belgium,267,0.06719331472620946
University of Management & Technology,Virginia,15,0.06666666666666667
Mississippi University for Women,Mississippi,183,0.06639933166248956
"City University of New York, John Jay College of Criminal Justice",New York,384,0.06599903164513429
Rivier College,New Hampshire,276,0.06582531076241355
Justus Liebig Universität Gießen,Germany,394,0.06578984290586104
Thompson Rivers University,Canada,246,0.06544539314387664
International Higher School for Advanced Studies Trieste,Italy,156,0.06461504296281112
Universität Innsbruck,Austria,273,0.06421719579614316
State University of New York College at Brockport,New York,141,0.06418026418026418
Ecole Nationale Supérieure de Biologie Appliquée à la Nutrition et à l'Alementation,France,106,0.06412583182093164
University of Johannesburg,South Africa,264,0.06412193023538514
Jacksonville State University,Alabama,161,0.06408450704225352
Dominican University,Illinois,146,0.0640727835849787
"Sofia University ""St. Kliment Ohridski""",Bulgaria,395,0.06399946456825552
De Montfort University Leicester,United Kingdom,267,0.06391527212422735
Philadelphia College of Osteopathic Medicine,Pennsylvania,92,0.06388888888888888
Oklahoma Christian University,Oklahoma,292,0.06347019789074534
Georgia College & State University,Georgia,258,0.06331168831168832
State University of New York College at Geneseo,New York,113,0.06326987681970885
Daemen College,New York,261,0.06324175824175823
University of Saskatchewan,Canada,276,0.06300775468512226
Caldwell College,New Jersey,199,0.06300066093853271
Cranfield University,United Kingdom,97,0.062987012987013
Framingham State College,Massachusetts,155,0.062489949506319746
Universidad Complutense de Madrid,Spain,155,0.06208865660085172
University of Luxemburg,Luxembourg,66,0.06203007518796992
Tokyo University,Japan,280,0.06182659932659933
University of Venda,South Africa,174,0.061732456140350875
Urbana University,Ohio,263,0.061658662441756204
Bogazici University,Turkey,174,0.061159420289855077
Taylor's University College,Malaysia,304,0.060222558451170846
University of New Brunswick,Canada,280,0.06019256565031213
University of Gloucestershire,United Kingdom,292,0.06004676809620865
Capital University,Ohio,71,0.05976430976430976
"Institute of Advanced Legal Studies, University of London",United Kingdom,272,0.05908553489889106
North Carolina Agricultural and Technical State University,North Carolina,17,0.058823529411764705
University of Bristol,United Kingdom,17,0.058823529411764705
Worcester Polytechnic Institute,Massachusetts,182,0.05850770440436094
Northwest Nazarene University,Idaho,154,0.05847576766555679
University College of Borås,Sweden,154,0.05847576766555679
Swedish University of Agricultural Sciences,Sweden,76,0.05846153846153847
Glasgow School of Art,United Kingdom,162,0.058421298587058114
MacEwan University,Canada,116,0.0581453634085213
Beloit College,Wisconsin,69,0.05798319327731093
University of South Africa,South Africa,195,0.057683982683982685
United States Military Academy,New York,158,0.057357315807679
Oberlin College,Ohio,440,0.057345892697228354
College of St. Rose,New York,285,0.05730827659460162
Université Paris Sud (Paris XI),France,175,0.05714285714285714
Moscow State University,Russia,108,0.05708245243128964
Fudan University,China,444,0.05639083876093036
Cumberland University,Tennessee,71,0.05634920634920634
"Institue of Technology, Tralee",Ireland,303,0.05631731021801943
Lock Haven University of Pennsylvania,Pennsylvania,18,0.05555555555555555
Ecole Supérieure de Commerce de Lyon,France,293,0.05543973927857365
University of Illinois at Urbana-Champaign,Illinois,178,0.055408669539104324
Laurentian University of Sudbury,Canada,299,0.055027717608782646
Antioch University Los Angeles,California,291,0.05500535940146205
California Lutheran University,California,184,0.05475655664399659
Lillehammer University College,Norway,293,0.05473850049716486
Albert-Ludwigs-Universität Freiburg,Germany,297,0.05426380576986244
University of KwaZulu-Natal,South Africa,315,0.05370168743063426
St. Joseph College of Nursing,Illinois,187,0.05365402405180389
Amrita Vishwa Vidyapeetham (Deemed University),India,177,0.053637186204574624
College of Mount St. Joseph,Ohio,173,0.053496732026143794
Loughborough University,United Kingdom,170,0.053468272554923604
Sul Ross State University,Texas,305,0.053438330764933054
International Medical University,Malaysia,169,0.05332481391803426
St. Ambrose University,Iowa,171,0.0530114430468204
Christopher Newport University,Virginia,327,0.05284539859500968
UNESCO-IHE Institute for Water Education,Netherlands,19,0.05263157894736842
Truman State University,Missouri,19,0.05263157894736842
Fontys University of Applied Sciences,Netherlands,193,0.05242630385487529
Staffordshire University,United Kingdom,197,0.05234748912546033
Providence College,Rhode Island,182,0.05233465311774688
Wagner College,New York,210,0.05213903743315508
Elms College,Massachusetts,120,0.05208333333333333
Oklahoma State University - Institute of Technology,Oklahoma,182,0.05198461150842103
Willamette University,Oregon,77,0.05195681511470985
University of Birmingham,United Kingdom,192,0.051767812388113135
De La Salle University,Philippines,177,0.051672157332534684
Albany Law School,New York,184,0.05165603590833924
Abilene Christian University,Texas,185,0.05151260504201681
State University of New York College of Agriculture and Technology at Cobleskill,New York,201,0.05144996075748123
Clarion University,Pennsylvania,315,0.05121869981561887
Waynesburg College,Pennsylvania,314,0.051161612540922885
Mount Sinai School of Medicine,New York,193,0.05114069759378684
Wilson College,Pennsylvania,79,0.05103359173126615
Beijing Language and Culture University,China,177,0.050857198519384375
Louisiana State University in Shreveport,Louisiana,185,0.05081699346405229
Thomas College Maine,Maine,202,0.050467341408107956
Universidad de Quintana Roo,Mexico,189,0.05046651934476832
Slippery Rock University,Pennsylvania,188,0.050146886530155456
Humber College,Canada,20,0.05
"Concordia College, Seward",Nebraska,81,0.05
Mount St. Mary College,New York,212,0.049884916264226614
Brigham Young University,Idaho,201,0.04986870559159716
Free International University of Social Studies,Italy,115,0.04969749351771824
University of Stavanger,Norway,328,0.049411169348272124
Vanguard University of Southern California,California,207,0.04895295467584625
University of Milan,Italy,330,0.048884992978147364
Central European University,Hungary,82,0.04880952380952381
Masaryk University,Czech Republic,332,0.04849580161175088
William Paterson University,New Jersey,83,0.04819976771196283
University of Ferrara,Italy,194,0.04799568229118131
Minneapolis College of Art and Design,Minnesota,190,0.04793664527603528
University of Basel,Switzerland,119,0.04790660225442834
Kyoto University,Japan,192,0.047835497835497835
Gwynedd-Mercy College,Pennsylvania,197,0.04768018018018018
Kendall College,Illinois,189,0.04762704813108039
Algonquin College,Canada,342,0.04755346954835446
St. Xavier University,Illinois,195,0.04734848484848485
Aoyama Gakuin University,Japan,213,0.047202136668620935
Union University,Tennessee,213,0.047202136668620935
"Indian Institute of Technology, Hyderabad",India,340,0.04708129692183555
École des Hautes Études Commerciales,Canada,85,0.04706533776301218
South Carolina State University,South Carolina,341,0.046985796213943776
Avila College,Missouri,194,0.04674249562525239
Virginia State University,Virginia,108,0.046153846153846156
Florida Southern College,Florida,208,0.045927318295739344
Lincoln University Pennsylvania,Pennsylvania,197,0.045730413377472204
Fresno Pacific University,California,201,0.04571609058075502
Colorado Mountain College,Colorado,209,0.04542353683180806
"Indian Institute of Technology, Guwahati",India,200,0.045028884159318945
West Chester University of Pennsylvania,Pennsylvania,215,0.04501516070345664
Newschool of Architecture and Design,California,212,0.044909678858162355
University of Abertay Dundee,United Kingdom,96,0.04444444444444444
City University of Hong Kong,Hong Kong,361,0.04436632694920672
Universiti Putra Malaysia,Malaysia,221,0.044180161943319834
Belmont University,Tennessee,226,0.04409660155638241
Atilim University,Turkey,91,0.044003868471953575
Asia E University,Malaysia,91,0.043961352657004835
Columbia International University,South Carolina,91,0.043961352657004835
Mississippi College,Mississippi,208,0.043949154209284025
Hollins University,Virginia,210,0.04389436547271088
Drew University,New Jersey,209,0.04386637458926615
Hebrew University of Jerusalem,Israel,235,0.043670255183413074
Shanghai International Studies University,China,207,0.04348435026184387
Muskingum College,Ohio,23,0.043478260869565216
University of Wisconsin - Platteville,Wisconsin,210,0.0431154176521115
Russel Sage College,New York,213,0.04304525329193261
Jiwaji University,India,93,0.04301572617946346
Brickfields Asia College,Malaysia,93,0.04301572617946346
La Salle University,Pennsylvania,99,0.04270923209663503
East Central University,Oklahoma,229,0.04234706616729089
British Columbia Institute of Technology,Canada,123,0.04223901098901099
St. Paul University,Canada,95,0.04210992907801418
University of Lausanne,Switzerland,214,0.042080272649063596
German University in Cairo,Egypt,219,0.04201247020769493
Warner Pacific College,Oregon,107,0.0418622848200313
Alabama Agricultural and Mechanical University,Alabama,228,0.04172581376550147
Norwegian University of Life Sciences,Norway,24,0.041666666666666664
Jacksonville University,Florida,24,0.041666666666666664
Maharishi University of Management,Iowa,24,0.041666666666666664
Kansas State University,Kansas,24,0.041666666666666664
"CollegeAmerica, Phoenix",Arizona,230,0.04115343419467131
Bayerische Julius-Maximilians-Universität Würzburg,Germany,220,0.040920852359208525
Tsinghua University,China,98,0.04083333333333333
"Royal Academy of Music, University of London",United Kingdom,107,0.04080854309687262
Marygrove College,Michigan,100,0.04079967360261118
Nicholls State University,Louisiana,99,0.04040816326530612
St. Joseph's College New York,New York,99,0.04040816326530612
John Brown University,Arkansas,99,0.04040816326530612
University of Cagliari,Italy,223,0.04040803184638801
"University of Nottingham, Malaysia Campus",Malaysia,229,0.04033613445378151
St. Cloud State University,Minnesota,226,0.04027272078246591
University of Colombo,Sri Lanka,25,0.04
Dakota State University,South Dakota,25,0.04
Central Methodist College,Missouri,25,0.04
University of Northern British Columbia,Canada,226,0.0399647266313933
University of Colorado Health,Colorado,228,0.03992541634818057
"University of St. Thomas, Houston",Texas,229,0.03990150050630581
Touro University,California,124,0.03980738362760834
Universiti Teknologi Mara,Malaysia,227,0.03974808141474808
West Minster International College,Malaysia,101,0.039607843137254906
John F. Kennedy University,California,111,0.03952991452991453
University of Detroit Mercy,Michigan,230,0.03926033642158415
Boston Architectural Center,Massachusetts,106,0.039128829826504244
Gettysburg College,Pennsylvania,103,0.038838612368024134
Linfield College,Oregon,238,0.03878829503829504
University of Geneva,Switzerland,104,0.03869047619047619
State University of New York at Stony Brook,New York,233,0.03864490772385509
Lindsey Wilson College,Kentucky,234,0.038491561181434604
Augustana College,South Dakota,104,0.038475767665556784
University of Warsaw,Poland,121,0.038363982244768544
Clark Atlanta University,Georgia,239,0.03820952096159247
Saint Peter's University,New Jersey,236,0.03814524083511425
Milligan College,Tennessee,105,0.038098693759071114
Temple University Japan,Japan,237,0.03800357374918778
Husson College,Maine,106,0.03795202291442892
Rider University,New Jersey,110,0.03787878787878788
St. Vincent College,Pennsylvania,241,0.03785044152284024
Renmin University of China,China,239,0.037673862619833604
University of Alaska - Southeast,Alaska,108,0.03767003836763167
Hokkaido University,Japan,241,0.037508544087491456
Lawrence University,Wisconsin,107,0.0373864430468204
Northwestern College Iowa,Iowa,107,0.0373864430468204
American Graduate School in Paris,France,108,0.037241379310344824
IT University of Copenhagen,Denmark,245,0.03713882437286693
Westfälische Wilhelms-Universität Münster,Germany,243,0.037063827542816674
Universidad de Deusto,Spain,133,0.03684210526315789
University of Zagreb,Croatia,115,0.03681177976952625
Centennial College,Canada,109,0.036725067385444746
Saxion Universities ,Netherlands,114,0.03671497584541063
University of Delhi,India,109,0.0367003367003367
St. Michael's College,Vermont,248,0.036663216011042096
University of Ghana,Ghana,120,0.036630036630036625
University of Hawaii - West Oahu,Hawaii,253,0.03635850407578761
Napier University,United Kingdom,255,0.036101763359806166
University of North Carolina at Pembroke,North Carolina,111,0.03603896103896104
Oslo School of Architecture,Norway,111,0.03603896103896104
Deutsche Sporthochschule Köln,Germany,251,0.035864589738334354
Bellarmine College,Kentucky,114,0.0357927786499215
Coastal Carolina University,South Carolina,254,0.035749358666025334
Emerson College,Massachusetts,28,0.03571428571428571
Rose-Hulman Institute of Technology,Indiana,28,0.03571428571428571
Coppin State College,Maryland,253,0.03564977118848181
Butler University,Indiana,118,0.03511904761904762
University of Italian Studies for Foreigners of Siena,Italy,123,0.03504273504273504
Asia Europe University,Cambodia,258,0.03490608200828392
Texas A&M International University,Texas,129,0.03488372093023256
Cleveland Institute of Art,Ohio,115,0.03478523895946763
Albertus Magnus College,Connecticut,120,0.034722222222222224
Stockholm School of Economics,Sweden,116,0.03464755077658303
East Stroudsburg State University,Pennsylvania,29,0.034482758620689655
Webster University,Netherlands,29,0.034482758620689655
New Jersey City University,New Jersey,29,0.034482758620689655
Art Center College of Design,California,29,0.034482758620689655
Long Island University,New York,262,0.03439525893837522
State University of New York College at Oneonta,New York,133,0.034366925064599485
University of Ontario Institute of Technology,Canada,267,0.034319378436306024
University of Connecticut Health Center,Connecticut,134,0.03424482494249936
University of Lahore,Pakistan,268,0.03358860240882713
Olivet Nazarene University,Illinois,137,0.033479960899315736
Berea College,Kentucky,270,0.033352829079965514
University of the Arts,Pennsylvania,30,0.03333333333333333
Laboratory Institute of Merchandising,New York,30,0.03333333333333333
Elmira College,New York,30,0.03333333333333333
University of West Alabama,Alabama,30,0.03333333333333333
Governors State University,Illinois,125,0.033121356650768416
Cedar Crest College,Pennsylvania,275,0.032733364500545425
Theologische Fakultät Trier,Germany,278,0.03237999703339443
Northern Kentucky University,Kentucky,135,0.03232758620689655
Piedmont College,Georgia,31,0.03225806451612903
Universität Potsdam,Germany,31,0.03225806451612903
Clarkson College,Nebraska,31,0.03225806451612903
Tougaloo College,Mississippi,31,0.03225806451612903
Université de Technologie de Compiègne,France,31,0.03225806451612903
Universitat Internacional de Catalunya,Spain,31,0.03225806451612903
Universität Kassel,Germany,125,0.03200204813108039
Bard College,New York,134,0.031656035908339236
Bob Jones University,South Carolina,285,0.03164411832148589
University of Zimbabwe,Zimbabwe,32,0.03125
Institut Supérieure d'Electronique de Paris,France,32,0.03125
Fachhochschule Dortmund,Germany,32,0.03125
Keuka College,New York,142,0.030869565217391304
Tokyo Institute of Technology,Japan,130,0.030834914611005692
Lewis-Clark State College,Idaho,130,0.030776515151515152
Western State Colorado University,Colorado,132,0.03036576949620428
University of Szeged,Hungary,132,0.030309988518943745
New Mexico Institute of Mining and Technology,New Mexico,132,0.030309988518943745
Addis Ababa University,Ethiopia,33,0.030303030303030304
Athens State College,Alabama,33,0.030303030303030304
Makerere University,Uganda,33,0.030303030303030304
Union College Nebraska,Nebraska,134,0.029857397504456328
State University of New York at New Paltz,New York,135,0.029631255487269532
Université du Québec à Chicoutimi,Canada,34,0.029411764705882353
Arkansas Tech University,Arkansas,137,0.029211087420042643
Cedarville College,Ohio,142,0.02914614121510673
Williams College,Massachusetts,138,0.02904040404040404
Queens College,North Carolina,148,0.028934506353861193
Mid-America Nazarene University,Kansas,139,0.02877846790890269
University of South Alabama,Alabama,146,0.02860501567398119
Universiti Malaya,Malaysia,140,0.028577260665441927
University of Arkansas at Pine Bluff,Arkansas,142,0.02817460317460317
University of Ibadan,Nigeria,36,0.027777777777777776
Virginia International University,Virginia,152,0.027701840714415893
King's College,Pennsylvania,148,0.027637721755368813
Lynn University,Florida,154,0.027475468331846567
Rhodes University,South Africa,156,0.027083333333333334
University of Opole,Poland,37,0.02702702702702703
Barcelona Graduate School of Economics,Spain,37,0.02702702702702703
Birla Institute of Management Technology,India,37,0.02702702702702703
Université Blaise Pascal (Clermont-Ferrand II),France,37,0.02702702702702703
Palacky University,Czech Republic,151,0.02701252236135957
Fanshawe College,Canada,152,0.026878868258178604
Ashland University,Ohio,149,0.02684684684684685
Cape Peninsula University of Technology,South Africa,156,0.026494565217391304
Higher School of Economics,Russia,156,0.026494565217391304
Chulalongkorn University,Thailand,160,0.02649445272396092
"Concordia University, Irvine",California,153,0.026470588235294117
Shenkar School of Engineering & Design,Israel,152,0.02632034632034632
Royal College of Art,United Kingdom,38,0.02631578947368421
Jagiellonian University Cracow,Poland,38,0.02631578947368421
Midwestern University,Illinois,160,0.026182294223531334
American University in Cairo,Egypt,159,0.026022913256955812
Virginia Wesleyan College,Virginia,155,0.025807525807525808
Nelson Mandela Metropolitan University,South Africa,39,0.02564102564102564
Columbia College Chicago,Illinois,39,0.02564102564102564
University of Dar Es Salaam,Tanzania,39,0.02564102564102564
Francis Marion University,South Carolina,157,0.025478740668614087
College of St. Joseph,Vermont,160,0.025396825396825397
Xi'an Jiaotong-Liverpool University,China,158,0.02532051282051282
Punjabi University Patiala,India,159,0.025206087507926443
European School of Economics,United Kingdom,162,0.02507351803126451
Letourneau University,Texas,166,0.02502638323533846
Ruhr-Universität Bochum,Germany,164,0.02501906941266209
University of Sri Jayawardenapura,Sri Lanka,40,0.025
University of Turku,Finland,163,0.02487789987789988
Eastern Nazarene College,Massachusetts,161,0.02484567901234568
New York Film Academy,New York,162,0.024695121951219513
The Defiance College,Ohio,41,0.024390243902439025
Chinhoyi University of Technology,Zimbabwe,41,0.024390243902439025
Unity College,Maine,41,0.024390243902439025
Universidade Catolica Portuguesa,Portugal,165,0.02426470588235294
Universitat Autónoma de Barcelona,Spain,165,0.024250440917107582
Free University of Bozen,Italy,170,0.024092970521541947
Aga Khan University,Kenya,42,0.023809523809523808
North Carolina Central University,North Carolina,42,0.023809523809523808
College of St. Benedict and St. John's University,Minnesota,42,0.023809523809523808
The Curtis Institute of Music,Pennsylvania,42,0.023809523809523808
VanderCook College of Music,Illinois,42,0.023809523809523808
University of Aquila,Italy,170,0.023558758314855877
University of Tartu,Estonia,170,0.02353266888150609
Norwegian School of Economics and Business Administration,Norway,43,0.023255813953488372
Charles Darwin University,Australia,43,0.023255813953488372
Drury College,Missouri,174,0.023237179487179488
Institut d'Etudes Politiques de Paris (Sciences Po),France,173,0.023122159850307404
Albright College,Pennsylvania,175,0.022857889237199582
Gardner Webb University,North Carolina,176,0.0227390180878553
State University of New York College at Cortland,New York,44,0.022727272727272728
Mälardalen University,Sweden,177,0.02259959141981614
Grace College,Indiana,178,0.022474747474747474
Southeastern University,District of Columbia,178,0.022474747474747474
University of Botswana,Botswana,179,0.022431077694235586
FAST - National University of Computer and Emerging Sciences (NUCES),Pakistan,179,0.022363818090954522
Warsaw School of Economics,Poland,179,0.022347066167290888
Marian College,Indiana,45,0.022222222222222223
College of DuPage,Illinois,181,0.02210552027357108
Denison University,Ohio,181,0.0221001221001221
New England College,New Hampshire,182,0.02204457364341085
Frederick University,Cyprus,46,0.021739130434782608
St. Joseph's College of Maine,Maine,185,0.021622253389434316
Nipissing University,Canada,185,0.021622253389434316
Alaska Pacific University,Alaska,186,0.021545233406695237
Chalmers University of Technology,Sweden,187,0.021420389461626575
"FH Oberösterreich, Campus Hagenberg",Austria,187,0.021405677655677656
University of Redlands,California,188,0.021315192743764172
Kagoshima University,Japan,47,0.02127659574468085
University of Science and Arts of Oklahoma,Oklahoma,47,0.02127659574468085
Universidad de La Rioja,Spain,189,0.02116935483870968
University of Karachi,Pakistan,189,0.02116461366181411
University of Oulu,Finland,189,0.02116461366181411
Université Laval,Canada,189,0.02116461366181411
Malone College,Ohio,189,0.02116461366181411
Hebrew College,Massachusetts,190,0.02105496453900709
Randolph-Macon College,Virginia,191,0.02094298245614035
Wingate University,North Carolina,48,0.020833333333333332
Trinity University,Texas,193,0.02072594501718213
"City University of New York, Lehman College",New York,49,0.02040816326530612
Tsukuba University,Japan,49,0.02040816326530612
Pacific Union College,California,49,0.02040816326530612
Asbury College,Kentucky,50,0.02
Quinnipiac College,Connecticut,50,0.02
State University of New York College of Technology at Farmingdale,New York,50,0.02
Bar-Ilan University,Israel,51,0.0196078431372549
"University of California, Hastings College of Law",California,51,0.0196078431372549
"Courtauld Institute of Art, University of London",United Kingdom,52,0.019230769230769232
University of Tennessee - Martin,Tennessee,52,0.019230769230769232
University of Calabria,Italy,52,0.019230769230769232
Loyola University New Orleans,Louisiana,53,0.018867924528301886
University of Arkansas at Monticello,Arkansas,54,0.018518518518518517
Hankuk University of Foreign Studies,"Korea, South",54,0.018518518518518517
Aurora University,Illinois,54,0.018518518518518517
Immaculata University,Pennsylvania,54,0.018518518518518517
College of St. Scholastica,Minnesota,55,0.01818181818181818
Pädagogische Hochschule Heidelberg,Germany,55,0.01818181818181818
Institute for Advanced Studies Lucca,Italy,55,0.01818181818181818
Carson-Newman College,Tennessee,55,0.01818181818181818
University of Guyana,Guyana,56,0.017857142857142856
State University of West Georgia,Georgia,56,0.017857142857142856
Universiti Sains Malaysia,Malaysia,57,0.017543859649122806
Goshen College,Indiana,57,0.017543859649122806
Rochester College,Michigan,57,0.017543859649122806
Karlstad University,Sweden,58,0.017241379310344827
"University of Maine, Farmington",Maine,58,0.017241379310344827
University of Lapland,Finland,58,0.017241379310344827
Shorter College,Georgia,59,0.01694915254237288
Auburn University at Montgomery,Alabama,59,0.01694915254237288
University of Zambia,Zambia,60,0.016666666666666666
Kean University of New Jersey,New Jersey,60,0.016666666666666666
University of Fort Hare,South Africa,60,0.016666666666666666
University of Novi Sad,Serbia,60,0.016666666666666666
University of Malta,Malta,61,0.01639344262295082
Bishop's University,Canada,61,0.01639344262295082
Université Libre de Bruxelles,Belgium,61,0.01639344262295082
South Eastern Kenya University,Kenya,61,0.01639344262295082
Johannes-Gutenberg Universität Mainz,Germany,62,0.016129032258064516
Seton Hill College,Pennsylvania,62,0.016129032258064516
Shippensburg University of Pennsylvania,Pennsylvania,63,0.015873015873015872
Swarthmore College,Pennsylvania,63,0.015873015873015872
Assumption University of Thailand,Thailand,63,0.015873015873015872
Handelshochschule Leipzig,Germany,63,0.015873015873015872
Universität Leipzig,Germany,63,0.015873015873015872
Hanover College,Indiana,64,0.015625
"Riphah International University, Lahore",Pakistan,64,0.015625
Universidad Rey Juan Carlos,Spain,64,0.015625
Gulf University for Science and Technology,Kuwait,64,0.015625
Scuola Politecnica Di Design (SPD),Italy,65,0.015384615384615385
Eastern Mediterranean University,Cyprus,65,0.015384615384615385
German Jordanian University,Jordan,65,0.015384615384615385
Higher School of University and Advanced Studies Pisa,Italy,66,0.015151515151515152
Southwest Missouri State University,Missouri,66,0.015151515151515152
Shenandoah University,Virginia,66,0.015151515151515152
Universität Köln,Germany,67,0.014925373134328358
Fachhochschule Kufstein (Tirol),Austria,67,0.014925373134328358
Universität Salzburg,Austria,67,0.014925373134328358
University of Texas M.D. Anderson Cancer Center,Texas,67,0.014925373134328358
Hardin-Simmons University,Texas,68,0.014705882352941176
Pázmány Péter Catholic University,Hungary,68,0.014705882352941176
National Chung Cheng University,Taiwan,69,0.014492753623188406
Paracelsus Medizinische Privatuniversität ,Austria,69,0.014492753623188406
Winston-Salem State University,North Carolina,69,0.014492753623188406
University of West Bohemia,Czech Republic,69,0.014492753623188406
Otterbein College,Ohio,69,0.014492753623188406
Novosibirsk State University,Russia,70,0.014285714285714285
William Carey College,Mississippi,70,0.014285714285714285
High Point University,North Carolina,71,0.014084507042253521
University of Ostrava,Czech Republic,71,0.014084507042253521
State University of New York School of Engineering and Applied Sciences,New York,71,0.014084507042253521
Xiamen University,China,71,0.014084507042253521
Pakistan Virtual University,Pakistan,72,0.013888888888888888
Shaheed Zulifkar Ali Bhutto Institute of Science and Technology,Pakistan,72,0.013888888888888888
Oklahoma City University,Oklahoma,72,0.013888888888888888
Augustana College,Illinois,72,0.013888888888888888
Université d'Evry Val d'Essonne,France,73,0.0136986301369863
University of Jyväskylä,Finland,73,0.0136986301369863
Maine Maritime Academy,Maine,73,0.0136986301369863
State University of New York College at Potsdam,New York,73,0.0136986301369863
Jaipur National University,India,73,0.0136986301369863
Punjab University College of Information Tecnology,Pakistan,73,0.0136986301369863
Friedrich-Schiller Universität Jena,Germany,73,0.0136986301369863
Central Queensland University,Australia,74,0.013513513513513514
Lincoln University,New Zealand,74,0.013513513513513514
State University of New York Upstate Medical University ,New York,74,0.013513513513513514
King Saud University,Saudi Arabia,74,0.013513513513513514
University of Southampton,United Kingdom,75,0.013333333333333334
Christ University,India,75,0.013333333333333334
Southwestern College Kansas,Kansas,75,0.013333333333333334
Marywood University,Pennsylvania,75,0.013333333333333334
Rosemont College,Pennsylvania,75,0.013333333333333334
University of Brescia,Italy,75,0.013333333333333334
"Philosophisch-Theologisches Studium Erfurt, Staatlich anerkannte Wissenschaftliche Hochschule",Germany,76,0.013157894736842105
Cologne Business School,Germany,76,0.013157894736842105
Lahti Polytechnic,Finland,76,0.013157894736842105
Massachusetts College of Art,Massachusetts,77,0.012987012987012988
Logan College of Chiropractic,Missouri,77,0.012987012987012988
Palm Beach Atlantic University,Florida,77,0.012987012987012988
Pennsylvania State University - Lehigh Valley,Pennsylvania,78,0.01282051282051282
Alfred University,New York,78,0.01282051282051282
Otto-Friedrich Universität Bamberg,Germany,78,0.01282051282051282
St. Petersburg State University,Russia,78,0.01282051282051282
Barclay College,Kansas,79,0.012658227848101266
University of Belize,Belize,79,0.012658227848101266
Ithaca College,New York,79,0.012658227848101266
Life University,Georgia,79,0.012658227848101266
Pacific Lutheran University,Washington,79,0.012658227848101266
Western Oregon University,Oregon,79,0.012658227848101266
Reinhardt College,Georgia,79,0.012658227848101266
University of Wisconsin - Superior,Wisconsin,79,0.012658227848101266
"Sarhad University of Science & Information Technology, Peshawar ",Pakistan,79,0.012658227848101266
Eastern Mennonite University,Virginia,80,0.0125
University of Bergamo,Italy,80,0.0125
California Institute of the Arts,California,80,0.0125
Limestone College,South Carolina,80,0.0125
Universiti Industri Selangor,Malaysia,80,0.0125
Pädagogische Hochschule Ludwigsburg,Germany,80,0.0125
Calvin College,Michigan,82,0.012195121951219513
Bridgewater State College,Massachusetts,82,0.012195121951219513
Lafayette College,Pennsylvania,82,0.012195121951219513
Howard Payne University,Texas,82,0.012195121951219513
Southern Alberta Institute of Technology,Canada,82,0.012195121951219513
Mount St. Mary's College Maryland,Maryland,83,0.012048192771084338
St. Mary's College of California,California,83,0.012048192771084338
Petronas Technology University,Malaysia,83,0.012048192771084338
Carlow College,Pennsylvania,84,0.011904761904761904
EUCLID University,Gambia,84,0.011904761904761904
State University of New York College at Old Westbury,New York,84,0.011904761904761904
Coe College,Iowa,84,0.011904761904761904
Silpakorn University,Thailand,85,0.011764705882352941
Bilkent University,Turkey,85,0.011764705882352941
Ecole Normale Supérieure de Lyon,France,86,0.011627906976744186
Eberhard-Karls-Universität Tübingen,Germany,86,0.011627906976744186
University of Jordan,Jordan,86,0.011627906976744186
Edinboro University of Pennsylvania,Pennsylvania,88,0.011363636363636364
Waterford Institute Of Technology,Ireland,88,0.011363636363636364
College of St. Mary,Nebraska,88,0.011363636363636364
Koc University,Turkey,89,0.011235955056179775
"Universidad de Puerto Rico, Mayaguez",Puerto Rico,89,0.011235955056179775
St. Francis Xavier University,Canada,89,0.011235955056179775
Martin-Luther Universität Halle-Wittenberg,Germany,89,0.011235955056179775
Lingnan University,Hong Kong,90,0.011111111111111112
Le Moyne College,New York,90,0.011111111111111112
Moscow State Institute of International Relations MFA Russia (MGIMO-University),Russia,90,0.011111111111111112
Université Paris-Dauphine (Paris IX),France,90,0.011111111111111112
National Taiwan University,Taiwan,91,0.01098901098901099
University of Eldoret,Kenya,91,0.01098901098901099
Spring Arbor College,Michigan,91,0.01098901098901099
Acdemic Center for Law and Business,Israel,91,0.01098901098901099
University of Gastronomic Sciences,Italy,92,0.010869565217391304
Transylvania University,Kentucky,92,0.010869565217391304
St. Norbert College,Wisconsin,92,0.010869565217391304
Babson College,Massachusetts,92,0.010869565217391304
Université de Nantes,France,92,0.010869565217391304
Colorado College,Colorado,93,0.010752688172043012
University of Nicosia,Cyprus,93,0.010752688172043012
Graduate Theological Union,California,93,0.010752688172043012
Shanghai University,China,93,0.010752688172043012
Bastyr University,Washington,93,0.010752688172043012
University of Milan - Bicocca,Italy,93,0.010752688172043012
"Northwood University, Florida Campus",Florida,93,0.010752688172043012
Tribhuvan University Kathmandu,Nepal,93,0.010752688172043012
Université de Pau et des Pays de l'Adour,France,93,0.010752688172043012
University of Wisconsin - River Falls,Wisconsin,93,0.010752688172043012
Texas A&M University - Kingsville,Texas,94,0.010638297872340425
Universidad de Cantabria,Spain,94,0.010638297872340425
Niagara University,New York,94,0.010638297872340425
St. Bonaventure University,New York,95,0.010526315789473684
Baker University,Kansas,95,0.010526315789473684
Gallaudet University,District of Columbia,95,0.010526315789473684
Technische Universität Darmstadt,Germany,95,0.010526315789473684
Saginaw Valley State University,Michigan,96,0.010416666666666666
Rogers State University,Oklahoma,96,0.010416666666666666
"Concordia College, Bronxville",New York,96,0.010416666666666666
Universidad de Vigo,Spain,96,0.010416666666666666
University of Pisa,Italy,96,0.010416666666666666
St. Olaf College,Minnesota,97,0.010309278350515464
International University of Management,Namibia,97,0.010309278350515464
Southwestern Adventist University,Texas,97,0.010309278350515464
Cameron University,Oklahoma,97,0.010309278350515464
Bucknell University,Pennsylvania,97,0.010309278350515464
Shanghai Jiaotong University,China,97,0.010309278350515464
Great Zimbabwe University,Zimbabwe,97,0.010309278350515464
Lynchburg College,Virginia,97,0.010309278350515464
Chestnut Hill College,Pennsylvania,98,0.01020408163265306
Université Victor Segalen (Bordeaux II),France,98,0.01020408163265306
Dominican College,New York,98,0.01020408163265306
Maryville College,Tennessee,98,0.01020408163265306
Brandon University,Canada,98,0.01020408163265306
Montana State University - Northern,Montana,98,0.01020408163265306
Sultan Qaboos University,Oman,98,0.01020408163265306
New York School of Interior Design,New York,98,0.01020408163265306
University of New York in Prague,Czech Republic,99,0.010101010101010102
Harvey Mudd College,California,99,0.010101010101010102
Loyola Marymount University,California,99,0.010101010101010102
Tel Aviv University,Israel,99,0.010101010101010102
